AllLandsat_EdenCode,LakeName,LandsatID,Product_Id,CloudCoverOverLake%,EO_Date,InSitu_samp_date,Days_Between_InSitu_and_EO_obv,Search_StartDate,Search_EndDate,Data_Source
260155a3000,Allen ( Lough ),Landsat5,LT05_L1TP_207022_20100430_20180201_01_T1,3.506003033,30/04/2010,27/04/2010,3,13/04/2010,11/05/2010,EPA 2007 to 2017
260155a3000,Allen ( Lough ),Landsat5,LT05_L1TP_207022_20101023_20161012_01_T1,14.84592062,23/10/2010,19/10/2010,4,05/10/2010,02/11/2010,EPA 2007 to 2017
260155a3000,Allen ( Lough ),Landsat5,LT05_L1TP_207022_20110503_20161010_01_T1,1.704147294,03/05/2011,19/04/2011,14,05/04/2011,03/05/2011,EPA 2007 to 2017
260155a3000,Allen ( Lough ),Landsat5,LT05_L1TP_208022_20070429_20180501_01_T1,0.515820891,29/04/2007,24/04/2007,5,10/04/2007,08/05/2007,EPA 2007 to 2017
260155a3000,Allen ( Lough ),Landsat5,LT05_L1TP_208022_20080415_20180126_01_T1,22.22112821,15/04/2008,15/04/2008,0,01/04/2008,29/04/2008,EPA 2007 to 2017
260155a3000,Allen ( Lough ),Landsat5,LT05_L1TP_208022_20080922_20180116_01_T1,11.19018339,22/09/2008,23/09/2008,1,09/09/2008,07/10/2008,EPA 2007 to 2017
260155a3000,Allen ( Lough ),Landsat5,LT05_L1TP_208022_20090418_20180309_01_T1,0.789512328,18/04/2009,21/04/2009,3,07/04/2009,05/05/2009,EPA 2007 to 2017
260155a3000,Allen ( Lough ),Landsat5,LT05_L1TP_208022_20090418_20180309_01_T1,0.789512328,18/04/2009,22/04/2009,4,08/04/2009,06/05/2009,EPA 2007 to 2017
260155a3000,Allen ( Lough ),Landsat5,LT05_L1TP_208022_20100421_20180131_01_T1,4.81904042,21/04/2010,27/04/2010,6,13/04/2010,11/05/2010,EPA 2007 to 2017
260155a3000,Allen ( Lough ),Landsat5,LT05_L1TP_208022_20110713_20161007_01_T1,0.0034199,13/07/2011,26/07/2011,13,12/07/2011,09/08/2011,EPA 2007 to 2017
10001710070,Dan ( Lough ),Landsat5,LT05_L1TP_205023_20070915_20180123_01_T1,0.307280587,15/09/2007,02/09/2007,13,19/08/2007,16/09/2007,EPA 2007 to 2017
10001710070,Dan ( Lough ),Landsat5,LT05_L1TP_205023_20090904_20161021_01_T1,1.226483909,04/09/2009,09/09/2009,5,26/08/2009,23/09/2009,EPA 2007 to 2017
10001710070,Dan ( Lough ),Landsat5,LT05_L1TP_205023_20090920_20161020_01_T1,0.268249503,20/09/2009,09/09/2009,11,26/08/2009,23/09/2009,EPA 2007 to 2017
10001710070,Dan ( Lough ),Landsat5,LT05_L1TP_205023_20100126_20180302_01_T1,3.057438414,26/01/2010,26/01/2010,0,12/01/2010,09/02/2010,EPA 2007 to 2017
10001710070,Dan ( Lough ),Landsat5,LT05_L1TP_205023_20100211_20180303_01_T1,11.11612228,11/02/2010,22/02/2010,11,08/02/2010,08/03/2010,EPA 2007 to 2017
10001710070,Dan ( Lough ),Landsat5,LT05_L1TP_205023_20100619_20180128_01_T1,9.936842105,19/06/2010,01/07/2010,12,17/06/2010,15/07/2010,EPA 2007 to 2017
10001710070,Dan ( Lough ),Landsat5,LT05_L1TP_205023_20100705_20161014_01_T1,4.398246758,05/07/2010,01/07/2010,4,17/06/2010,15/07/2010,EPA 2007 to 2017
10001710070,Dan ( Lough ),Landsat5,LT05_L1TP_205023_20101110_20161012_01_T1,1.690592191,10/11/2010,01/11/2010,9,18/10/2010,15/11/2010,EPA 2007 to 2017
10001710070,Dan ( Lough ),Landsat5,LT05_L1TP_205023_20110318_20180312_01_T1,8.196164139,18/03/2011,31/03/2011,13,17/03/2011,14/04/2011,EPA 2007 to 2017
10001710070,Dan ( Lough ),Landsat5,LT05_L1TP_205023_20110419_20161209_01_T1,3.947704659,19/04/2011,21/04/2011,2,07/04/2011,05/05/2011,EPA 2007 to 2017
10001710070,Dan ( Lough ),Landsat5,LT05_L1TP_206023_20090215_20180302_01_T1,21.3038781,15/02/2009,18/02/2009,3,04/02/2009,04/03/2009,EPA 2007 to 2017
10001710070,Dan ( Lough ),Landsat5,LT05_L1TP_206023_20090319_20180309_01_T1,1.623227401,19/03/2009,11/03/2009,8,25/02/2009,25/03/2009,EPA 2007 to 2017
10001710070,Dan ( Lough ),Landsat5,LT05_L1TP_206023_20090420_20180309_01_T1,1.839192807,20/04/2009,16/04/2009,4,02/04/2009,30/04/2009,EPA 2007 to 2017
10001710070,Dan ( Lough ),Landsat5,LT05_L1TP_206023_20090911_20161020_01_T1,0.601269819,11/09/2009,09/09/2009,2,26/08/2009,23/09/2009,EPA 2007 to 2017
10001710070,Dan ( Lough ),Landsat5,LT05_L1TP_206023_20110325_20161210_01_T1,1.030115313,25/03/2011,31/03/2011,6,17/03/2011,14/04/2011,EPA 2007 to 2017
36001235970,Egish ( Lough ),Landsat5,LT05_L1TP_206022_20070821_20180126_01_T1,15.81140366,21/08/2007,28/08/2007,7,14/08/2007,11/09/2007,EPA 2007 to 2017
36001235970,Egish ( Lough ),Landsat5,LT05_L1TP_206022_20100525_20180128_01_T1,21.83843026,25/05/2010,02/06/2010,8,19/05/2010,16/06/2010,EPA 2007 to 2017
36001235970,Egish ( Lough ),Landsat5,LT05_L1TP_206022_20100813_20161014_01_T1,15.47439444,13/08/2010,03/08/2010,10,20/07/2010,17/08/2010,EPA 2007 to 2017
36001235970,Egish ( Lough ),Landsat5,LT05_L1TP_206022_20100930_20161012_01_T1,1.116172115,30/09/2010,14/10/2010,14,30/09/2010,28/10/2010,EPA 2007 to 2017
36001235970,Egish ( Lough ),Landsat5,LT05_L1TP_206022_20100930_20161012_01_T1,1.116172115,30/09/2010,28/09/2010,2,14/09/2010,12/10/2010,EPA 2007 to 2017
36001235970,Egish ( Lough ),Landsat5,LT05_L1TP_206022_20101016_20161012_01_T1,8.844821006,16/10/2010,14/10/2010,2,30/09/2010,28/10/2010,EPA 2007 to 2017
36001235970,Egish ( Lough ),Landsat5,LT05_L1TP_206022_20111019_20161005_01_T1,2.653139697,19/10/2011,17/10/2011,2,03/10/2011,31/10/2011,EPA 2007 to 2017
36001235970,Egish ( Lough ),Landsat5,LT05_L1TP_207022_20100430_20180201_01_T1,0.686268691,30/04/2010,05/05/2010,5,21/04/2010,19/05/2010,EPA 2007 to 2017
36001235970,Egish ( Lough ),Landsat5,LT05_L1TP_207022_20101007_20161012_01_T1,8.565139422,07/10/2010,14/10/2010,7,30/09/2010,28/10/2010,EPA 2007 to 2017
36001235970,Egish ( Lough ),Landsat5,LT05_L1TP_207022_20101007_20161012_01_T1,8.565139422,07/10/2010,28/09/2010,9,14/09/2010,12/10/2010,EPA 2007 to 2017
36001235970,Egish ( Lough ),Landsat5,LT05_L1TP_207022_20101023_20161012_01_T1,1.453077642,23/10/2010,14/10/2010,9,30/09/2010,28/10/2010,EPA 2007 to 2017
36001235970,Egish ( Lough ),Landsat5,LT05_L1TP_207022_20101023_20161012_01_T1,1.453077642,23/10/2010,02/11/2010,10,19/10/2010,16/11/2010,EPA 2007 to 2017
36001235970,Egish ( Lough ),Landsat5,LT05_L1TP_207022_20110417_20161208_01_T1,13.87314672,17/04/2011,20/04/2011,3,06/04/2011,04/05/2011,EPA 2007 to 2017
32001070070,Feeagh ( Lough ),Landsat5,LT05_L1TP_208022_20080501_20180126_01_T1,24.93787761,01/05/2008,21/04/2008,10,07/04/2008,05/05/2008,EPA 2007 to 2017
32001070070,Feeagh ( Lough ),Landsat5,LT05_L1TP_208022_20100421_20180131_01_T1,0.524761264,21/04/2010,15/04/2010,6,01/04/2010,29/04/2010,EPA 2007 to 2017
32001070070,Feeagh ( Lough ),Landsat5,LT05_L1TP_208022_20110713_20161007_01_T1,0.999082817,13/07/2011,04/07/2011,9,20/06/2011,18/07/2011,EPA 2007 to 2017
32001070070,Feeagh ( Lough ),Landsat5,LT05_L1TP_208022_20110814_20161007_01_T1,14.64819355,14/08/2011,03/08/2011,11,20/07/2011,17/08/2011,EPA 2007 to 2017
32001070070,Feeagh ( Lough ),Landsat5,LT05_L1TP_208022_20111001_20161005_01_T1,0.369055758,01/10/2011,12/10/2011,11,28/09/2011,26/10/2011,EPA 2007 to 2017
32001070070,Feeagh ( Lough ),Landsat5,LT05_L1TP_209022_20110330_20161208_01_T1,10.4648947,30/03/2011,12/04/2011,13,29/03/2011,26/04/2011,EPA 2007 to 2017
35001170040,Gill ( Lough ),Landsat5,LT05_L1TP_207022_20100430_20180201_01_T1,17.11137588,30/04/2010,28/04/2010,2,14/04/2010,12/05/2010,EPA 2007 to 2017
35001170040,Gill ( Lough ),Landsat5,LT05_L1TP_207022_20101007_20161012_01_T1,2.108493816,07/10/2010,21/10/2010,14,07/10/2010,04/11/2010,EPA 2007 to 2017
35001170040,Gill ( Lough ),Landsat5,LT05_L1TP_207022_20101023_20161012_01_T1,0.200586232,23/10/2010,21/10/2010,2,07/10/2010,04/11/2010,EPA 2007 to 2017
35001170040,Gill ( Lough ),Landsat5,LT05_L1TP_207022_20110228_20180501_01_T1,0.489126938,28/02/2011,08/03/2011,8,22/02/2011,22/03/2011,EPA 2007 to 2017
35001170040,Gill ( Lough ),Landsat5,LT05_L1TP_207022_20110316_20180312_01_T1,0.313222848,16/03/2011,08/03/2011,8,22/02/2011,22/03/2011,EPA 2007 to 2017
35001170040,Gill ( Lough ),Landsat5,LT05_L1TP_207022_20110908_20161006_01_T1,13.79777557,08/09/2011,14/09/2011,6,31/08/2011,28/09/2011,EPA 2007 to 2017
35001170040,Gill ( Lough ),Landsat5,LT05_L1TP_208022_20080415_20180126_01_T1,14.53407326,15/04/2008,15/04/2008,0,01/04/2008,29/04/2008,EPA 2007 to 2017
35001170040,Gill ( Lough ),Landsat5,LT05_L1TP_208022_20080602_20180120_01_T1,2.639216775,02/06/2008,16/06/2008,14,02/06/2008,30/06/2008,EPA 2007 to 2017
35001170040,Gill ( Lough ),Landsat5,LT05_L1TP_208022_20080906_20180120_01_T1,21.31695035,06/09/2008,01/09/2008,5,18/08/2008,15/09/2008,EPA 2007 to 2017
35001170040,Gill ( Lough ),Landsat5,LT05_L1TP_208022_20080906_20180120_01_T1,21.31695035,06/09/2008,09/09/2008,3,26/08/2008,23/09/2008,EPA 2007 to 2017
35001170040,Gill ( Lough ),Landsat5,LT05_L1TP_208022_20080922_20180116_01_T1,22.33864098,22/09/2008,09/09/2008,13,26/08/2008,23/09/2008,EPA 2007 to 2017
35001170040,Gill ( Lough ),Landsat5,LT05_L1TP_208022_20090418_20180309_01_T1,0.032933476,18/04/2009,16/04/2009,2,02/04/2009,30/04/2009,EPA 2007 to 2017
35001170040,Gill ( Lough ),Landsat5,LT05_L1TP_208022_20090909_20161021_01_T1,6.373586781,09/09/2009,27/08/2009,13,13/08/2009,10/09/2009,EPA 2007 to 2017
35001170040,Gill ( Lough ),Landsat5,LT05_L1TP_208022_20100131_20180302_01_T1,16.75970809,31/01/2010,02/02/2010,2,19/01/2010,16/02/2010,EPA 2007 to 2017
35001170040,Gill ( Lough ),Landsat5,LT05_L1TP_208022_20100421_20180131_01_T1,1.308269133,21/04/2010,28/04/2010,7,14/04/2010,12/05/2010,EPA 2007 to 2017
35001170040,Gill ( Lough ),Landsat5,LT05_L1TP_208022_20100421_20180131_01_T1,1.308269133,21/04/2010,07/04/2010,14,24/03/2010,21/04/2010,EPA 2007 to 2017
35001170040,Gill ( Lough ),Landsat5,LT05_L1TP_208022_20110611_20161009_01_T1,16.67918381,11/06/2011,20/06/2011,9,06/06/2011,04/07/2011,EPA 2007 to 2017
35001170040,Gill ( Lough ),Landsat5,LT05_L1TP_208022_20110611_20161009_01_T1,16.67918381,11/06/2011,09/06/2011,2,26/05/2011,23/06/2011,EPA 2007 to 2017
35001170040,Gill ( Lough ),Landsat5,LT05_L1TP_208022_20110713_20161007_01_T1,1.69569517,13/07/2011,13/07/2011,0,29/06/2011,27/07/2011,EPA 2007 to 2017
35001170040,Gill ( Lough ),Landsat5,LT05_L1TP_208022_20110713_20161007_01_T1,1.69569517,13/07/2011,20/07/2011,7,06/07/2011,03/08/2011,EPA 2007 to 2017
6000940280,Muckno ( Lough ) or Blayney Castle Lake,Landsat5,LT05_L1TP_206022_20070415_20180118_01_T1,19.49812131,15/04/2007,23/04/2007,8,09/04/2007,07/05/2007,EPA 2007 to 2017
6000940280,Muckno ( Lough ) or Blayney Castle Lake,Landsat5,LT05_L1TP_206022_20070501_20180501_01_T1,0.046108776,01/05/2007,23/04/2007,8,09/04/2007,07/05/2007,EPA 2007 to 2017
6000940280,Muckno ( Lough ) or Blayney Castle Lake,Landsat5,LT05_L1TP_206022_20100218_20180303_01_T1,10.22459948,18/02/2010,03/03/2010,13,17/02/2010,17/03/2010,EPA 2007 to 2017
6000940280,Muckno ( Lough ) or Blayney Castle Lake,Landsat5,LT05_L1TP_206022_20100218_20180303_01_T1,10.22459948,18/02/2010,04/02/2010,14,21/01/2010,18/02/2010,EPA 2007 to 2017
6000940280,Muckno ( Lough ) or Blayney Castle Lake,Landsat5,LT05_L1TP_206022_20100930_20161012_01_T1,13.87664373,30/09/2010,14/10/2010,14,30/09/2010,28/10/2010,EPA 2007 to 2017
6000940280,Muckno ( Lough ) or Blayney Castle Lake,Landsat5,LT05_L1TP_206022_20100930_20161012_01_T1,13.87664373,30/09/2010,28/09/2010,2,14/09/2010,12/10/2010,EPA 2007 to 2017
6000940280,Muckno ( Lough ) or Blayney Castle Lake,Landsat5,LT05_L1TP_206022_20111019_20161005_01_T1,6.021490463,19/10/2011,17/10/2011,2,03/10/2011,31/10/2011,EPA 2007 to 2017
6000940280,Muckno ( Lough ) or Blayney Castle Lake,Landsat5,LT05_L1TP_207022_20070508_20180120_01_T1,19.33686016,08/05/2007,16/05/2007,8,02/05/2007,30/05/2007,EPA 2007 to 2017
6000940280,Muckno ( Lough ) or Blayney Castle Lake,Landsat5,LT05_L1TP_207022_20101007_20161012_01_T1,11.3737624,07/10/2010,14/10/2010,7,30/09/2010,28/10/2010,EPA 2007 to 2017
6000940280,Muckno ( Lough ) or Blayney Castle Lake,Landsat5,LT05_L1TP_207022_20101007_20161012_01_T1,11.3737624,07/10/2010,28/09/2010,9,14/09/2010,12/10/2010,EPA 2007 to 2017
6000940280,Muckno ( Lough ) or Blayney Castle Lake,Landsat5,LT05_L1TP_207022_20101023_20161012_01_T1,6.523992903,23/10/2010,14/10/2010,9,30/09/2010,28/10/2010,EPA 2007 to 2017
6000940280,Muckno ( Lough ) or Blayney Castle Lake,Landsat5,LT05_L1TP_207022_20101023_20161012_01_T1,6.523992903,23/10/2010,02/11/2010,10,19/10/2010,16/11/2010,EPA 2007 to 2017
6000940280,Muckno ( Lough ) or Blayney Castle Lake,Landsat5,LT05_L1TP_207022_20110503_20161010_01_T1,7.170580811,03/05/2011,20/04/2011,13,06/04/2011,04/05/2011,EPA 2007 to 2017
6000940280,Muckno ( Lough ) or Blayney Castle Lake,Landsat5,LT05_L1TP_207022_20110823_20161007_01_T1,1.929377713,23/08/2011,10/08/2011,13,27/07/2011,24/08/2011,EPA 2007 to 2017
26001570260,Owel ( Lough ),Landsat5,LT05_L1TP_206023_20070501_20180501_01_T1,0.034388155,01/05/2007,17/04/2007,14,03/04/2007,01/05/2007,EPA 2007 to 2017
26001570260,Owel ( Lough ),Landsat5,LT05_L1TP_206023_20070922_20180123_01_T1,1.831489403,22/09/2007,01/10/2007,9,17/09/2007,15/10/2007,EPA 2007 to 2017
26001570260,Owel ( Lough ),Landsat5,LT05_L1TP_206023_20090319_20180309_01_T1,13.55766107,19/03/2009,24/03/2009,5,10/03/2009,07/04/2009,EPA 2007 to 2017
26001570260,Owel ( Lough ),Landsat5,LT05_L1TP_206023_20090420_20180309_01_T1,14.01379189,20/04/2009,27/04/2009,7,13/04/2009,11/05/2009,EPA 2007 to 2017
26001570260,Owel ( Lough ),Landsat5,LT05_L1TP_206023_20090911_20161020_01_T1,0.075577913,11/09/2009,14/09/2009,3,31/08/2009,28/09/2009,EPA 2007 to 2017
26001570260,Owel ( Lough ),Landsat5,LT05_L1TP_206023_20100218_20180303_01_T1,0.392602072,18/02/2010,22/02/2010,4,08/02/2010,08/03/2010,EPA 2007 to 2017
26001570260,Owel ( Lough ),Landsat5,LT05_L1TP_206023_20100423_20180201_01_T1,1.723692509,23/04/2010,19/04/2010,4,05/04/2010,03/05/2010,EPA 2007 to 2017
26001570260,Owel ( Lough ),Landsat5,LT05_L1TP_206023_20100525_20180128_01_T1,2.07963047,25/05/2010,24/05/2010,1,10/05/2010,07/06/2010,EPA 2007 to 2017
26001570260,Owel ( Lough ),Landsat5,LT05_L1TP_206023_20100930_20180128_01_T1,22.85677235,30/09/2010,21/09/2010,9,07/09/2010,05/10/2010,EPA 2007 to 2017
26001570260,Owel ( Lough ),Landsat5,LT05_L1TP_206023_20101016_20180128_01_T1,7.29668535,16/10/2010,19/10/2010,3,05/10/2010,02/11/2010,EPA 2007 to 2017
26001570260,Owel ( Lough ),Landsat5,LT05_L1TP_206023_20110325_20161210_01_T1,0.638212493,25/03/2011,15/03/2011,10,01/03/2011,29/03/2011,EPA 2007 to 2017
26001570260,Owel ( Lough ),Landsat5,LT05_L1TP_206023_20110901_20161006_01_T1,24.43196927,01/09/2011,22/08/2011,10,08/08/2011,05/09/2011,EPA 2007 to 2017
26001570260,Owel ( Lough ),Landsat5,LT05_L1TP_206023_20111019_20161005_01_T1,15.61733079,19/10/2011,27/10/2011,8,13/10/2011,10/11/2011,EPA 2007 to 2017
26001570260,Owel ( Lough ),Landsat5,LT05_L1TP_206023_20111104_20161005_01_T1,0.498687334,04/11/2011,27/10/2011,8,13/10/2011,10/11/2011,EPA 2007 to 2017
26001570260,Owel ( Lough ),Landsat5,LT05_L1TP_207023_20070406_20180123_01_T1,0.172936028,06/04/2007,17/04/2007,11,03/04/2007,01/05/2007,EPA 2007 to 2017
26001570260,Owel ( Lough ),Landsat5,LT05_L1TP_207023_20070609_20180126_01_T1,19.25603676,09/06/2007,18/06/2007,9,04/06/2007,02/07/2007,EPA 2007 to 2017
26001570260,Owel ( Lough ),Landsat5,LT05_L1TP_207023_20070609_20180126_01_T1,19.25603676,09/06/2007,29/05/2007,11,15/05/2007,12/06/2007,EPA 2007 to 2017
26001570260,Owel ( Lough ),Landsat5,LT05_L1TP_207023_20080323_20180117_01_T1,11.79968166,23/03/2008,24/03/2008,1,10/03/2008,07/04/2008,EPA 2007 to 2017
26001570260,Owel ( Lough ),Landsat5,LT05_L1TP_207023_20080424_20180128_01_T1,21.14850665,24/04/2008,21/04/2008,3,07/04/2008,05/05/2008,EPA 2007 to 2017
26001570260,Owel ( Lough ),Landsat5,LT05_L1TP_207023_20101007_20180128_01_T1,13.45101321,07/10/2010,19/10/2010,12,05/10/2010,02/11/2010,EPA 2007 to 2017
26001570260,Owel ( Lough ),Landsat5,LT05_L1TP_207023_20101023_20161012_01_T1,0.356804663,23/10/2010,19/10/2010,4,05/10/2010,02/11/2010,EPA 2007 to 2017
26001570260,Owel ( Lough ),Landsat5,LT05_L1TP_207023_20110228_20180501_01_T1,0.176437738,28/02/2011,14/02/2011,14,31/01/2011,28/02/2011,EPA 2007 to 2017
26001570260,Owel ( Lough ),Landsat5,LT05_L1TP_207023_20110316_20180312_01_T1,0.18556437,16/03/2011,15/03/2011,1,01/03/2011,29/03/2011,EPA 2007 to 2017
26001570260,Owel ( Lough ),Landsat5,LT05_L1TP_207023_20110604_20161010_01_T1,24.49931628,04/06/2011,31/05/2011,4,17/05/2011,14/06/2011,EPA 2007 to 2017
26001570260,Owel ( Lough ),Landsat5,LT05_L1TP_207023_20110924_20180312_01_T1,7.611437353,24/09/2011,22/09/2011,2,08/09/2011,06/10/2011,EPA 2007 to 2017
9001680230,Pollaphuca Reservoir,Landsat5,LT05_L1TP_205023_20080512_20180127_01_T1,3.728744863,12/05/2008,15/05/2008,3,01/05/2008,29/05/2008,EPA 2007 to 2017
9001680230,Pollaphuca Reservoir,Landsat5,LT05_L1TP_205023_20080901_20180501_01_T1,11.13297692,01/09/2008,11/09/2008,10,28/08/2008,25/09/2008,EPA 2007 to 2017
9001680230,Pollaphuca Reservoir,Landsat5,LT05_L1TP_205023_20081003_20180120_01_T1,13.27562364,03/10/2008,16/10/2008,13,02/10/2008,30/10/2008,EPA 2007 to 2017
9001680230,Pollaphuca Reservoir,Landsat5,LT05_L1TP_205023_20090616_20161025_01_T1,4.604634478,16/06/2009,15/06/2009,1,01/06/2009,29/06/2009,EPA 2007 to 2017
9001680230,Pollaphuca Reservoir,Landsat5,LT05_L1TP_205023_20100603_20180128_01_T1,23.13793397,03/06/2010,25/05/2010,9,11/05/2010,08/06/2010,EPA 2007 to 2017
9001680230,Pollaphuca Reservoir,Landsat5,LT05_L1TP_205023_20100822_20161014_01_T1,17.73395719,22/08/2010,30/08/2010,8,16/08/2010,13/09/2010,EPA 2007 to 2017
9001680230,Pollaphuca Reservoir,Landsat5,LT05_L1TP_205023_20101025_20161012_01_T1,1.67368982,25/10/2010,26/10/2010,1,12/10/2010,09/11/2010,EPA 2007 to 2017
9001680230,Pollaphuca Reservoir,Landsat5,LT05_L1TP_205023_20110302_20180312_01_T1,12.62917592,02/03/2011,22/02/2011,8,08/02/2011,08/03/2011,EPA 2007 to 2017
9001680230,Pollaphuca Reservoir,Landsat5,LT05_L1TP_205023_20110318_20180312_01_T1,3.886452292,18/03/2011,21/03/2011,3,07/03/2011,04/04/2011,EPA 2007 to 2017
9001680230,Pollaphuca Reservoir,Landsat5,LT05_L1TP_205023_20110419_20161209_01_T1,5.643841113,19/04/2011,27/04/2011,8,13/04/2011,11/05/2011,EPA 2007 to 2017
9001680230,Pollaphuca Reservoir,Landsat5,LT05_L1TP_206023_20090319_20180309_01_T1,0.477934389,19/03/2009,20/03/2009,1,06/03/2009,03/04/2009,EPA 2007 to 2017
9001680230,Pollaphuca Reservoir,Landsat5,LT05_L1TP_206023_20090420_20180309_01_T1,0.333118415,20/04/2009,16/04/2009,4,02/04/2009,30/04/2009,EPA 2007 to 2017
9001680230,Pollaphuca Reservoir,Landsat5,LT05_L1TP_206023_20090911_20161020_01_T1,0.225983959,11/09/2009,23/09/2009,12,09/09/2009,07/10/2009,EPA 2007 to 2017
9001680230,Pollaphuca Reservoir,Landsat5,LT05_L1TP_206023_20100423_20180201_01_T1,1.605038149,23/04/2010,29/04/2010,6,15/04/2010,13/05/2010,EPA 2007 to 2017
9001680230,Pollaphuca Reservoir,Landsat5,LT05_L1TP_206023_20100509_20180302_01_T1,10.36263979,09/05/2010,29/04/2010,10,15/04/2010,13/05/2010,EPA 2007 to 2017
9001680230,Pollaphuca Reservoir,Landsat5,LT05_L1TP_206023_20100525_20180128_01_T1,0.40984394,25/05/2010,25/05/2010,0,11/05/2010,08/06/2010,EPA 2007 to 2017
9001680230,Pollaphuca Reservoir,Landsat5,LT05_L1TP_206023_20100914_20180130_01_T1,0.022629071,14/09/2010,21/09/2010,7,07/09/2010,05/10/2010,EPA 2007 to 2017
9001680230,Pollaphuca Reservoir,Landsat5,LT05_L1TP_206023_20100930_20180128_01_T1,5.615202822,30/09/2010,21/09/2010,9,07/09/2010,05/10/2010,EPA 2007 to 2017
9001680230,Pollaphuca Reservoir,Landsat5,LT05_L1TP_206023_20101016_20180128_01_T1,19.53300348,16/10/2010,26/10/2010,10,12/10/2010,09/11/2010,EPA 2007 to 2017
9001680230,Pollaphuca Reservoir,Landsat5,LT05_L1TP_206023_20110325_20161210_01_T1,4.534462625,25/03/2011,21/03/2011,4,07/03/2011,04/04/2011,EPA 2007 to 2017
9001680230,Pollaphuca Reservoir,Landsat5,LT05_L1TP_206023_20111104_20161005_01_T1,2.73140737,04/11/2011,15/11/2011,11,01/11/2011,29/11/2011,EPA 2007 to 2017
9001680230,Pollaphuca Reservoir,Landsat5,LT05_L1TP_206023_20111104_20161005_01_T1,2.73140737,04/11/2011,25/10/2011,10,11/10/2011,08/11/2011,EPA 2007 to 2017
7001590600,Ramor ( Lough ),Landsat5,LT05_L1TP_206023_20070415_20180118_01_T1,24.90750088,15/04/2007,23/04/2007,8,09/04/2007,07/05/2007,EPA 2007 to 2017
7001590600,Ramor ( Lough ),Landsat5,LT05_L1TP_206023_20070501_20180501_01_T1,0.161174016,01/05/2007,23/04/2007,8,09/04/2007,07/05/2007,EPA 2007 to 2017
7001590600,Ramor ( Lough ),Landsat5,LT05_L1TP_206023_20070922_20180123_01_T1,10.63903213,22/09/2007,17/09/2007,5,03/09/2007,01/10/2007,EPA 2007 to 2017
7001590600,Ramor ( Lough ),Landsat5,LT05_L1TP_206023_20100930_20180128_01_T1,4.486791574,30/09/2010,14/10/2010,14,30/09/2010,28/10/2010,EPA 2007 to 2017
7001590600,Ramor ( Lough ),Landsat5,LT05_L1TP_206023_20101016_20180128_01_T1,14.31338434,16/10/2010,14/10/2010,2,30/09/2010,28/10/2010,EPA 2007 to 2017
7001590600,Ramor ( Lough ),Landsat5,LT05_L1TP_206023_20110901_20161006_01_T1,16.3786465,01/09/2011,01/09/2011,0,18/08/2011,15/09/2011,EPA 2007 to 2017
7001590600,Ramor ( Lough ),Landsat5,LT05_L1TP_206023_20111019_20161005_01_T1,5.504456822,19/10/2011,26/10/2011,7,12/10/2011,09/11/2011,EPA 2007 to 2017
7001590600,Ramor ( Lough ),Landsat5,LT05_L1TP_206023_20111104_20161005_01_T1,7.724669604,04/11/2011,26/10/2011,9,12/10/2011,09/11/2011,EPA 2007 to 2017
7001590600,Ramor ( Lough ),Landsat5,LT05_L1TP_207022_20100430_20180201_01_T1,6.080732695,30/04/2010,10/05/2010,10,26/04/2010,24/05/2010,EPA 2007 to 2017
7001590600,Ramor ( Lough ),Landsat5,LT05_L1TP_207022_20101007_20161012_01_T1,15.63615605,07/10/2010,14/10/2010,7,30/09/2010,28/10/2010,EPA 2007 to 2017
7001590600,Ramor ( Lough ),Landsat5,LT05_L1TP_207022_20101023_20161012_01_T1,0.501723959,23/10/2010,14/10/2010,9,30/09/2010,28/10/2010,EPA 2007 to 2017
7001590600,Ramor ( Lough ),Landsat5,LT05_L1TP_207022_20110503_20161010_01_T1,5.28481638,03/05/2011,26/04/2011,7,12/04/2011,10/05/2011,EPA 2007 to 2017
26001570690,Sheelin ( Lough ),Landsat5,LT05_L1TP_206023_20070501_20180501_01_T1,0.108041172,01/05/2007,15/05/2007,14,01/05/2007,29/05/2007,EPA 2007 to 2017
26001570690,Sheelin ( Lough ),Landsat5,LT05_L1TP_206023_20070501_20180501_01_T1,0.108041172,01/05/2007,23/04/2007,8,09/04/2007,07/05/2007,EPA 2007 to 2017
26001570690,Sheelin ( Lough ),Landsat5,LT05_L1TP_206023_20070922_20180123_01_T1,11.84802238,22/09/2007,12/09/2007,10,29/08/2007,26/09/2007,EPA 2007 to 2017
26001570690,Sheelin ( Lough ),Landsat5,LT05_L1TP_206023_20070922_20180123_01_T1,11.84802238,22/09/2007,25/09/2007,3,11/09/2007,09/10/2007,EPA 2007 to 2017
26001570690,Sheelin ( Lough ),Landsat5,LT05_L1TP_206023_20090319_20180309_01_T1,12.30869612,19/03/2009,18/03/2009,1,04/03/2009,01/04/2009,EPA 2007 to 2017
26001570690,Sheelin ( Lough ),Landsat5,LT05_L1TP_206023_20090420_20180309_01_T1,8.805685086,20/04/2009,27/04/2009,7,13/04/2009,11/05/2009,EPA 2007 to 2017
26001570690,Sheelin ( Lough ),Landsat5,LT05_L1TP_206023_20090420_20180309_01_T1,8.805685086,20/04/2009,09/04/2009,11,26/03/2009,23/04/2009,EPA 2007 to 2017
26001570690,Sheelin ( Lough ),Landsat5,LT05_L1TP_206023_20100218_20180303_01_T1,0.1595794,18/02/2010,02/03/2010,12,16/02/2010,16/03/2010,EPA 2007 to 2017
26001570690,Sheelin ( Lough ),Landsat5,LT05_L1TP_206023_20100218_20180303_01_T1,0.1595794,18/02/2010,23/02/2010,5,09/02/2010,09/03/2010,EPA 2007 to 2017
26001570690,Sheelin ( Lough ),Landsat5,LT05_L1TP_206023_20100930_20180128_01_T1,20.45987193,30/09/2010,30/09/2010,0,16/09/2010,14/10/2010,EPA 2007 to 2017
26001570690,Sheelin ( Lough ),Landsat5,LT05_L1TP_206023_20101016_20180128_01_T1,2.693694349,16/10/2010,18/10/2010,2,04/10/2010,01/11/2010,EPA 2007 to 2017
26001570690,Sheelin ( Lough ),Landsat5,LT05_L1TP_206023_20101016_20180128_01_T1,2.693694349,16/10/2010,21/10/2010,5,07/10/2010,04/11/2010,EPA 2007 to 2017
26001570690,Sheelin ( Lough ),Landsat5,LT05_L1TP_206023_20110901_20161006_01_T1,8.382580338,01/09/2011,18/08/2011,14,04/08/2011,01/09/2011,EPA 2007 to 2017
26001570690,Sheelin ( Lough ),Landsat5,LT05_L1TP_206023_20111104_20161005_01_T1,0.220451389,04/11/2011,26/10/2011,9,12/10/2011,09/11/2011,EPA 2007 to 2017
26001570690,Sheelin ( Lough ),Landsat5,LT05_L1TP_207022_20070609_20180126_01_T1,12.52764365,09/06/2007,28/05/2007,12,14/05/2007,11/06/2007,EPA 2007 to 2017
26001570690,Sheelin ( Lough ),Landsat5,LT05_L1TP_207022_20101007_20161012_01_T1,16.69688936,07/10/2010,18/10/2010,11,04/10/2010,01/11/2010,EPA 2007 to 2017
26001570690,Sheelin ( Lough ),Landsat5,LT05_L1TP_207022_20101007_20161012_01_T1,16.69688936,07/10/2010,21/10/2010,14,07/10/2010,04/11/2010,EPA 2007 to 2017
26001570690,Sheelin ( Lough ),Landsat5,LT05_L1TP_207022_20101007_20161012_01_T1,16.69688936,07/10/2010,30/09/2010,7,16/09/2010,14/10/2010,EPA 2007 to 2017
26001570690,Sheelin ( Lough ),Landsat5,LT05_L1TP_207022_20101023_20161012_01_T1,0.161608927,23/10/2010,18/10/2010,5,04/10/2010,01/11/2010,EPA 2007 to 2017
26001570690,Sheelin ( Lough ),Landsat5,LT05_L1TP_207022_20101023_20161012_01_T1,0.161608927,23/10/2010,21/10/2010,2,07/10/2010,04/11/2010,EPA 2007 to 2017
260155a3000,Allen ( Lough ),Landsat8,LC08_L1TP_207022_20131015_20170429_01_T1,0.885671896,15/10/2013,22/10/2013,7,08/10/2013,05/11/2013,EPA 2007 to 2017
260155a3000,Allen ( Lough ),Landsat8,LC08_L1TP_207022_20160719_20170323_01_T1,0.189189611,19/07/2016,05/07/2016,14,21/06/2016,19/07/2016,EPA 2007 to 2017
260155a3000,Allen ( Lough ),Landsat8,LC08_L1TP_207022_20170620_20170630_01_T1,0.060463306,20/06/2017,04/07/2017,14,20/06/2017,18/07/2017,EPA 2007 to 2017
260155a3000,Allen ( Lough ),Landsat8,LC08_L1TP_207022_20170620_20170630_01_T1,0.060463306,20/06/2017,07/06/2017,13,24/05/2017,21/06/2017,EPA 2007 to 2017
260155a3000,Allen ( Lough ),Landsat8,LC08_L1TP_207022_20170908_20170926_01_T1,2.014513676,08/09/2017,21/09/2017,13,07/09/2017,05/10/2017,EPA 2007 to 2017
260155a3000,Allen ( Lough ),Landsat8,LC08_L1TP_208022_20150419_20170409_01_T1,13.60787383,19/04/2015,28/04/2015,9,14/04/2015,12/05/2015,EPA 2007 to 2017
260155a3000,Allen ( Lough ),Landsat8,LC08_L1TP_208022_20150910_20170404_01_T1,5.803787877,10/09/2015,16/09/2015,6,02/09/2015,30/09/2015,EPA 2007 to 2017
260155a3000,Allen ( Lough ),Landsat8,LC08_L1TP_208022_20151012_20170403_01_T1,8.511681756,12/10/2015,14/10/2015,2,30/09/2015,28/10/2015,EPA 2007 to 2017
260155a3000,Allen ( Lough ),Landsat8,LC08_L1TP_208022_20161014_20170319_01_T1,0.456920817,14/10/2016,04/10/2016,10,20/09/2016,18/10/2016,EPA 2007 to 2017
260155a3000,Allen ( Lough ),Landsat8,LC08_L1TP_208022_20170408_20170414_01_T1,0.702895653,08/04/2017,06/04/2017,2,23/03/2017,20/04/2017,EPA 2007 to 2017
260155a3000,Allen ( Lough ),Landsat8,LC08_L1TP_208022_20170526_20170615_01_T1,3.585970008,26/05/2017,07/06/2017,12,24/05/2017,21/06/2017,EPA 2007 to 2017
21002130010,Currane (Lough),Landsat8,LC08_L1TP_207024_20130711_20170503_01_T1,0.041540702,11/07/2013,16/07/2013,5,02/07/2013,30/07/2013,EPA 2007 to 2017
21002130010,Currane (Lough),Landsat8,LC08_L1TP_207024_20140220_20170425_01_T1,0.515152895,20/02/2014,18/02/2014,2,04/02/2014,04/03/2014,EPA 2007 to 2017
21002130010,Currane (Lough),Landsat8,LC08_L1TP_207024_20140815_20170420_01_T1,7.325808269,15/08/2014,07/08/2014,8,24/07/2014,21/08/2014,EPA 2007 to 2017
21002130010,Currane (Lough),Landsat8,LC08_L1TP_207024_20141205_20170416_01_T1,0.674463385,05/12/2014,25/11/2014,10,11/11/2014,09/12/2014,EPA 2007 to 2017
21002130010,Currane (Lough),Landsat8,LC08_L1TP_207024_20150311_20170412_01_T1,4.413822372,11/03/2015,25/02/2015,14,11/02/2015,11/03/2015,EPA 2007 to 2017
21002130010,Currane (Lough),Landsat8,LC08_L1TP_207024_20151106_20170402_01_T1,0.686441259,06/11/2015,19/11/2015,13,05/11/2015,03/12/2015,EPA 2007 to 2017
21002130010,Currane (Lough),Landsat8,LC08_L1TP_207024_20151122_20170401_01_T1,18.07449902,22/11/2015,19/11/2015,3,05/11/2015,03/12/2015,EPA 2007 to 2017
21002130010,Currane (Lough),Landsat8,LC08_L1TP_207024_20160329_20170327_01_T1,13.23982668,29/03/2016,15/03/2016,14,01/03/2016,29/03/2016,EPA 2007 to 2017
21002130010,Currane (Lough),Landsat8,LC08_L1TP_207024_20160719_20170323_01_T1,3.681419136,19/07/2016,20/07/2016,1,06/07/2016,03/08/2016,EPA 2007 to 2017
21002130010,Currane (Lough),Landsat8,LC08_L1TP_207024_20170228_20170316_01_T1,10.90948136,28/02/2017,09/03/2017,9,23/02/2017,23/03/2017,EPA 2007 to 2017
21002130010,Currane (Lough),Landsat8,LC08_L1TP_207024_20170924_20171013_01_T1,0.153760428,24/09/2017,20/09/2017,4,06/09/2017,04/10/2017,EPA 2007 to 2017
21002130010,Currane (Lough),Landsat8,LC08_L1TP_207024_20171010_20171024_01_T1,0.57383175,10/10/2017,12/10/2017,2,28/09/2017,26/10/2017,EPA 2007 to 2017
21002130010,Currane (Lough),Landsat8,LC08_L1TP_207024_20171026_20171107_01_T1,1.8717599,26/10/2017,12/10/2017,14,28/09/2017,26/10/2017,EPA 2007 to 2017
21002130010,Currane (Lough),Landsat8,LC08_L1TP_208024_20130718_20170503_01_T1,11.19290673,18/07/2013,16/07/2013,2,02/07/2013,30/07/2013,EPA 2007 to 2017
21002130010,Currane (Lough),Landsat8,LC08_L1TP_208024_20131123_20170428_01_T1,0.482952716,23/11/2013,27/11/2013,4,13/11/2013,11/12/2013,EPA 2007 to 2017
21002130010,Currane (Lough),Landsat8,LC08_L1TP_208024_20140211_20180528_01_T1,22.69244965,11/02/2014,18/02/2014,7,04/02/2014,04/03/2014,EPA 2007 to 2017
21002130010,Currane (Lough),Landsat8,LC08_L1TP_208024_20140227_20170425_01_T1,13.91521758,27/02/2014,18/02/2014,9,04/02/2014,04/03/2014,EPA 2007 to 2017
21002130010,Currane (Lough),Landsat8,LC08_L1TP_208024_20140603_20170422_01_T1,0.16866881,03/06/2014,20/05/2014,14,06/05/2014,03/06/2014,EPA 2007 to 2017
21002130010,Currane (Lough),Landsat8,LC08_L1TP_208024_20140705_20170421_01_T1,0.043890635,05/07/2014,16/07/2014,11,02/07/2014,30/07/2014,EPA 2007 to 2017
21002130010,Currane (Lough),Landsat8,LC08_L1TP_208024_20150419_20170409_01_T1,0.138460222,19/04/2015,08/04/2015,11,25/03/2015,22/04/2015,EPA 2007 to 2017
21002130010,Currane (Lough),Landsat8,LC08_L1TP_208024_20151113_20170402_01_T1,0.519848996,13/11/2015,19/11/2015,6,05/11/2015,03/12/2015,EPA 2007 to 2017
21002130010,Currane (Lough),Landsat8,LC08_L1TP_208024_20160304_20170328_01_T1,10.14367929,04/03/2016,15/03/2016,11,01/03/2016,29/03/2016,EPA 2007 to 2017
21002130010,Currane (Lough),Landsat8,LC08_L1TP_208024_20160320_20170327_01_T1,0.382897441,20/03/2016,15/03/2016,5,01/03/2016,29/03/2016,EPA 2007 to 2017
21002130010,Currane (Lough),Landsat8,LC08_L1TP_208024_20170510_20170516_01_T1,16.01919991,10/05/2017,03/05/2017,7,19/04/2017,17/05/2017,EPA 2007 to 2017
21002130010,Currane (Lough),Landsat8,LC08_L1TP_208024_20171017_20171024_01_T1,3.282931838,17/10/2017,12/10/2017,5,28/09/2017,26/10/2017,EPA 2007 to 2017
21002130120,Derriana Lough,Landsat8,LC08_L1TP_207024_20130711_20170503_01_T1,0.136818444,11/07/2013,18/07/2013,7,04/07/2013,01/08/2013,EPA 2007 to 2017
21002130120,Derriana Lough,Landsat8,LC08_L1TP_207024_20140815_20170420_01_T1,23.48074978,15/08/2014,19/08/2014,4,05/08/2014,02/09/2014,EPA 2007 to 2017
21002130120,Derriana Lough,Landsat8,LC08_L1TP_207024_20141103_20170418_01_T1,0.396838618,03/11/2014,05/11/2014,2,22/10/2014,19/11/2014,EPA 2007 to 2017
21002130120,Derriana Lough,Landsat8,LC08_L1TP_207024_20141119_20170417_01_T1,13.82312744,19/11/2014,05/11/2014,14,22/10/2014,19/11/2014,EPA 2007 to 2017
21002130120,Derriana Lough,Landsat8,LC08_L1TP_207024_20160703_20170323_01_T1,4.151133717,03/07/2016,13/07/2016,10,29/06/2016,27/07/2016,EPA 2007 to 2017
21002130120,Derriana Lough,Landsat8,LC08_L1TP_207024_20160719_20170323_01_T1,0.179900134,19/07/2016,13/07/2016,6,29/06/2016,27/07/2016,EPA 2007 to 2017
21002130120,Derriana Lough,Landsat8,LC08_L1TP_207024_20170604_20170616_01_T1,15.22835614,04/06/2017,24/05/2017,11,10/05/2017,07/06/2017,EPA 2007 to 2017
21002130120,Derriana Lough,Landsat8,LC08_L1TP_207024_20170924_20171013_01_T1,1.949461608,24/09/2017,12/09/2017,12,29/08/2017,26/09/2017,EPA 2007 to 2017
21002130120,Derriana Lough,Landsat8,LC08_L1TP_207024_20171010_20171024_01_T1,0.51860631,10/10/2017,10/10/2017,0,26/09/2017,24/10/2017,EPA 2007 to 2017
21002130120,Derriana Lough,Landsat8,LC08_L1TP_208024_20150403_20170411_01_T1,19.58423828,03/04/2015,09/04/2015,6,26/03/2015,23/04/2015,EPA 2007 to 2017
21002130120,Derriana Lough,Landsat8,LC08_L1TP_208024_20150419_20170409_01_T1,0.244665187,19/04/2015,09/04/2015,10,26/03/2015,23/04/2015,EPA 2007 to 2017
21002130120,Derriana Lough,Landsat8,LC08_L1TP_208024_20151113_20170402_01_T1,11.09838002,13/11/2015,19/11/2015,6,05/11/2015,03/12/2015,EPA 2007 to 2017
21002130120,Derriana Lough,Landsat8,LC08_L1TP_208024_20171017_20171024_01_T1,15.76210182,17/10/2017,10/10/2017,7,26/09/2017,24/10/2017,EPA 2007 to 2017
36001235970,Egish ( Lough ),Landsat8,LC08_L1TP_206022_20130408_20170505_01_T1,4.765454024,08/04/2013,10/04/2013,2,27/03/2013,24/04/2013,EPA 2007 to 2017
36001235970,Egish ( Lough ),Landsat8,LC08_L1TP_206022_20130720_20170503_01_T1,1.11955044,20/07/2013,11/07/2013,9,27/06/2013,25/07/2013,EPA 2007 to 2017
36001235970,Egish ( Lough ),Landsat8,LC08_L1TP_206022_20130906_20170502_01_T1,3.450989051,06/09/2013,10/09/2013,4,27/08/2013,24/09/2013,EPA 2007 to 2017
36001235970,Egish ( Lough ),Landsat8,LC08_L1TP_206022_20131024_20170429_01_T1,2.848174096,24/10/2013,16/10/2013,8,02/10/2013,30/10/2013,EPA 2007 to 2017
36001235970,Egish ( Lough ),Landsat8,LC08_L1TP_206022_20140418_20170423_01_T1,0.039306544,18/04/2014,22/04/2014,4,08/04/2014,06/05/2014,EPA 2007 to 2017
36001235970,Egish ( Lough ),Landsat8,LC08_L1TP_206022_20140723_20170421_01_T1,0.698884301,23/07/2014,28/07/2014,5,14/07/2014,11/08/2014,EPA 2007 to 2017
36001235970,Egish ( Lough ),Landsat8,LC08_L1TP_206022_20140723_20170421_01_T1,0.698884301,23/07/2014,05/08/2014,13,22/07/2014,19/08/2014,EPA 2007 to 2017
36001235970,Egish ( Lough ),Landsat8,LC08_L1TP_206022_20141011_20170418_01_T1,21.79096022,11/10/2014,22/10/2014,11,08/10/2014,05/11/2014,EPA 2007 to 2017
36001235970,Egish ( Lough ),Landsat8,LC08_L1TP_206022_20150421_20170409_01_T1,0.189817078,21/04/2015,07/04/2015,14,24/03/2015,21/04/2015,EPA 2007 to 2017
36001235970,Egish ( Lough ),Landsat8,LC08_L1TP_206022_20150710_20170407_01_T1,13.53774356,10/07/2015,21/07/2015,11,07/07/2015,04/08/2015,EPA 2007 to 2017
36001235970,Egish ( Lough ),Landsat8,LC08_L1TP_206022_20151014_20170403_01_T1,3.537525905,14/10/2015,01/10/2015,13,17/09/2015,15/10/2015,EPA 2007 to 2017
36001235970,Egish ( Lough ),Landsat8,LC08_L1TP_206022_20160423_20170326_01_T1,3.679920258,23/04/2016,27/04/2016,4,13/04/2016,11/05/2016,EPA 2007 to 2017
36001235970,Egish ( Lough ),Landsat8,LC08_L1TP_206022_20160423_20170326_01_T1,3.679920258,23/04/2016,04/05/2016,11,20/04/2016,18/05/2016,EPA 2007 to 2017
36001235970,Egish ( Lough ),Landsat8,LC08_L1TP_206022_20160930_20170321_01_T1,1.426937017,30/09/2016,29/09/2016,1,15/09/2016,13/10/2016,EPA 2007 to 2017
36001235970,Egish ( Lough ),Landsat8,LC08_L1TP_206022_20160930_20170321_01_T1,1.426937017,30/09/2016,04/10/2016,4,20/09/2016,18/10/2016,EPA 2007 to 2017
36001235970,Egish ( Lough ),Landsat8,LC08_L1TP_206022_20161101_20170318_01_T1,2.642805997,01/11/2016,07/11/2016,6,24/10/2016,21/11/2016,EPA 2007 to 2017
36001235970,Egish ( Lough ),Landsat8,LC08_L1TP_206022_20170325_20170329_01_T1,2.335085057,25/03/2017,06/04/2017,12,23/03/2017,20/04/2017,EPA 2007 to 2017
36001235970,Egish ( Lough ),Landsat8,LC08_L1TP_207022_20130403_20170505_01_T1,8.054357572,03/04/2013,10/04/2013,7,27/03/2013,24/04/2013,EPA 2007 to 2017
36001235970,Egish ( Lough ),Landsat8,LC08_L1TP_207022_20130609_20170504_01_T1,0.952866109,09/06/2013,12/06/2013,3,29/05/2013,26/06/2013,EPA 2007 to 2017
36001235970,Egish ( Lough ),Landsat8,LC08_L1TP_207022_20130609_20170504_01_T1,0.952866109,09/06/2013,29/05/2013,11,15/05/2013,12/06/2013,EPA 2007 to 2017
36001235970,Egish ( Lough ),Landsat8,LC08_L1TP_207022_20130711_20170503_01_T1,14.29902821,11/07/2013,11/07/2013,0,27/06/2013,25/07/2013,EPA 2007 to 2017
36001235970,Egish ( Lough ),Landsat8,LC08_L1TP_207022_20131015_20170429_01_T1,16.60092001,15/10/2013,16/10/2013,1,02/10/2013,30/10/2013,EPA 2007 to 2017
36001235970,Egish ( Lough ),Landsat8,LC08_L1TP_207022_20141018_20170418_01_T1,24.80110565,18/10/2014,22/10/2014,4,08/10/2014,05/11/2014,EPA 2007 to 2017
36001235970,Egish ( Lough ),Landsat8,LC08_L1TP_207022_20160210_20170330_01_T1,1.501496514,10/02/2016,10/02/2016,0,27/01/2016,24/02/2016,EPA 2007 to 2017
36001235970,Egish ( Lough ),Landsat8,LC08_L1TP_207022_20160210_20170330_01_T1,1.501496514,10/02/2016,27/01/2016,14,13/01/2016,10/02/2016,EPA 2007 to 2017
36001235970,Egish ( Lough ),Landsat8,LC08_L1TP_207022_20160601_20170324_01_T1,12.94314508,01/06/2016,08/06/2016,7,25/05/2016,22/06/2016,EPA 2007 to 2017
36001235970,Egish ( Lough ),Landsat8,LC08_L1TP_207022_20160719_20170323_01_T1,0.087094615,19/07/2016,06/07/2016,13,22/06/2016,20/07/2016,EPA 2007 to 2017
36001235970,Egish ( Lough ),Landsat8,LC08_L1TP_207022_20160804_20170322_01_T1,7.401561553,04/08/2016,03/08/2016,1,20/07/2016,17/08/2016,EPA 2007 to 2017
36001235970,Egish ( Lough ),Landsat8,LC08_L1TP_207022_20161124_20180528_01_T1,5.995721989,24/11/2016,06/12/2016,12,22/11/2016,20/12/2016,EPA 2007 to 2017
36001235970,Egish ( Lough ),Landsat8,LC08_L1TP_207022_20170620_20170630_01_T1,0.382668847,20/06/2017,06/06/2017,14,23/05/2017,20/06/2017,EPA 2007 to 2017
36001235970,Egish ( Lough ),Landsat8,LC08_L1TP_207022_20170908_20170926_01_T1,1.685634093,08/09/2017,12/09/2017,4,29/08/2017,26/09/2017,EPA 2007 to 2017
32001070070,Feeagh ( Lough ),Landsat8,LC08_L1TP_208022_20160421_20170326_01_T1,1.47773258,21/04/2016,14/04/2016,7,31/03/2016,28/04/2016,EPA 2007 to 2017
32001070070,Feeagh ( Lough ),Landsat8,LC08_L1TP_208022_20161014_20170319_01_T1,0.754365792,14/10/2016,12/10/2016,2,28/09/2016,26/10/2016,EPA 2007 to 2017
32001070070,Feeagh ( Lough ),Landsat8,LC08_L1TP_208022_20170510_20170516_01_T1,4.402273899,10/05/2017,27/04/2017,13,13/04/2017,11/05/2017,EPA 2007 to 2017
32001070070,Feeagh ( Lough ),Landsat8,LC08_L1TP_208023_20131022_20170429_01_T1,13.74767975,22/10/2013,16/10/2013,6,02/10/2013,30/10/2013,EPA 2007 to 2017
32001070070,Feeagh ( Lough ),Landsat8,LC08_L1TP_208023_20160421_20170326_01_T1,1.316182155,21/04/2016,14/04/2016,7,31/03/2016,28/04/2016,EPA 2007 to 2017
32001070070,Feeagh ( Lough ),Landsat8,LC08_L1TP_208023_20161014_20170319_01_T1,0.579465653,14/10/2016,12/10/2016,2,28/09/2016,26/10/2016,EPA 2007 to 2017
32001070070,Feeagh ( Lough ),Landsat8,LC08_L1TP_208023_20170510_20170516_01_T1,4.219319548,10/05/2017,27/04/2017,13,13/04/2017,11/05/2017,EPA 2007 to 2017
32001070070,Feeagh ( Lough ),Landsat8,LC08_L1TP_209022_20130709_20170504_01_T1,8.705349729,09/07/2013,02/07/2013,7,18/06/2013,16/07/2013,EPA 2007 to 2017
32001070070,Feeagh ( Lough ),Landsat8,LC08_L1TP_209022_20151222_20170331_01_T1,6.124371841,22/12/2015,08/12/2015,14,24/11/2015,22/12/2015,EPA 2007 to 2017
32001070070,Feeagh ( Lough ),Landsat8,LC08_L1TP_209022_20160428_20170326_01_T1,22.72011414,28/04/2016,14/04/2016,14,31/03/2016,28/04/2016,EPA 2007 to 2017
32001070070,Feeagh ( Lough ),Landsat8,LC08_L1TP_209022_20161005_20170320_01_T1,19.23782339,05/10/2016,12/10/2016,7,28/09/2016,26/10/2016,EPA 2007 to 2017
32001070070,Feeagh ( Lough ),Landsat8,LC08_L1TP_209022_20170501_20170515_01_T1,6.921178612,01/05/2017,27/04/2017,4,13/04/2017,11/05/2017,EPA 2007 to 2017
35001170040,Gill ( Lough ),Landsat8,LC08_L1TP_207022_20130403_20170505_01_T1,0.546879627,03/04/2013,04/04/2013,1,21/03/2013,18/04/2013,EPA 2007 to 2017
35001170040,Gill ( Lough ),Landsat8,LC08_L1TP_207022_20130609_20170504_01_T1,0.032535307,09/06/2013,19/06/2013,10,05/06/2013,03/07/2013,EPA 2007 to 2017
35001170040,Gill ( Lough ),Landsat8,LC08_L1TP_207022_20130711_20170503_01_T1,0.533140616,11/07/2013,03/07/2013,8,19/06/2013,17/07/2013,EPA 2007 to 2017
35001170040,Gill ( Lough ),Landsat8,LC08_L1TP_207022_20130711_20170503_01_T1,0.533140616,11/07/2013,08/07/2013,3,24/06/2013,22/07/2013,EPA 2007 to 2017
35001170040,Gill ( Lough ),Landsat8,LC08_L1TP_207022_20131015_20170429_01_T1,4.983054155,15/10/2013,16/10/2013,1,02/10/2013,30/10/2013,EPA 2007 to 2017
35001170040,Gill ( Lough ),Landsat8,LC08_L1TP_207022_20131015_20170429_01_T1,4.983054155,15/10/2013,09/10/2013,6,25/09/2013,23/10/2013,EPA 2007 to 2017
35001170040,Gill ( Lough ),Landsat8,LC08_L1TP_207022_20140204_20170426_01_T1,2.739250071,04/02/2014,11/02/2014,7,28/01/2014,25/02/2014,EPA 2007 to 2017
35001170040,Gill ( Lough ),Landsat8,LC08_L1TP_207022_20140425_20170423_01_T1,10.48749488,25/04/2014,15/04/2014,10,01/04/2014,29/04/2014,EPA 2007 to 2017
35001170040,Gill ( Lough ),Landsat8,LC08_L1TP_207022_20140425_20170423_01_T1,10.48749488,25/04/2014,07/05/2014,12,23/04/2014,21/05/2014,EPA 2007 to 2017
35001170040,Gill ( Lough ),Landsat8,LC08_L1TP_207022_20140511_20170422_01_T1,3.078698383,11/05/2014,07/05/2014,4,23/04/2014,21/05/2014,EPA 2007 to 2017
35001170040,Gill ( Lough ),Landsat8,LC08_L1TP_207022_20140527_20170422_01_T1,17.02563115,27/05/2014,04/06/2014,8,21/05/2014,18/06/2014,EPA 2007 to 2017
35001170040,Gill ( Lough ),Landsat8,LC08_L1TP_207022_20141002_20170418_01_T1,3.147760918,02/10/2014,02/10/2014,0,18/09/2014,16/10/2014,EPA 2007 to 2017
35001170040,Gill ( Lough ),Landsat8,LC08_L1TP_207022_20141002_20170418_01_T1,3.147760918,02/10/2014,23/09/2014,9,09/09/2014,07/10/2014,EPA 2007 to 2017
35001170040,Gill ( Lough ),Landsat8,LC08_L1TP_207022_20150412_20170410_01_T1,2.24428383,12/04/2015,20/04/2015,8,06/04/2015,04/05/2015,EPA 2007 to 2017
35001170040,Gill ( Lough ),Landsat8,LC08_L1TP_207022_20150412_20170410_01_T1,2.24428383,12/04/2015,16/04/2015,4,02/04/2015,30/04/2015,EPA 2007 to 2017
35001170040,Gill ( Lough ),Landsat8,LC08_L1TP_207022_20150428_20170409_01_T1,14.64031334,28/04/2015,20/04/2015,8,06/04/2015,04/05/2015,EPA 2007 to 2017
35001170040,Gill ( Lough ),Landsat8,LC08_L1TP_207022_20150428_20170409_01_T1,14.64031334,28/04/2015,16/04/2015,12,02/04/2015,30/04/2015,EPA 2007 to 2017
35001170040,Gill ( Lough ),Landsat8,LC08_L1TP_207022_20150818_20170406_01_T1,8.985906294,18/08/2015,05/08/2015,13,22/07/2015,19/08/2015,EPA 2007 to 2017
35001170040,Gill ( Lough ),Landsat8,LC08_L1TP_207022_20150818_20170406_01_T1,8.985906294,18/08/2015,13/08/2015,5,30/07/2015,27/08/2015,EPA 2007 to 2017
35001170040,Gill ( Lough ),Landsat8,LC08_L1TP_207022_20160210_20170330_01_T1,0.644901874,10/02/2016,03/02/2016,7,20/01/2016,17/02/2016,EPA 2007 to 2017
35001170040,Gill ( Lough ),Landsat8,LC08_L1TP_207022_20160329_20170327_01_T1,10.51078714,29/03/2016,30/03/2016,1,16/03/2016,13/04/2016,EPA 2007 to 2017
35001170040,Gill ( Lough ),Landsat8,LC08_L1TP_207022_20160516_20170324_01_T1,0.013798084,16/05/2016,12/05/2016,4,28/04/2016,26/05/2016,EPA 2007 to 2017
35001170040,Gill ( Lough ),Landsat8,LC08_L1TP_207022_20160601_20170324_01_T1,0.018420887,01/06/2016,01/06/2016,0,18/05/2016,15/06/2016,EPA 2007 to 2017
35001170040,Gill ( Lough ),Landsat8,LC08_L1TP_207022_20160719_20170323_01_T1,14.2265754,19/07/2016,13/07/2016,6,29/06/2016,27/07/2016,EPA 2007 to 2017
35001170040,Gill ( Lough ),Landsat8,LC08_L1TP_207022_20161124_20180528_01_T1,1.428790369,24/11/2016,07/12/2016,13,23/11/2016,21/12/2016,EPA 2007 to 2017
35001170040,Gill ( Lough ),Landsat8,LC08_L1TP_207022_20161210_20170316_01_T1,16.00598584,10/12/2016,07/12/2016,3,23/11/2016,21/12/2016,EPA 2007 to 2017
35001170040,Gill ( Lough ),Landsat8,LC08_L1TP_207022_20170503_20170515_01_T1,0.027241984,03/05/2017,04/05/2017,1,20/04/2017,18/05/2017,EPA 2007 to 2017
35001170040,Gill ( Lough ),Landsat8,LC08_L1TP_207022_20170503_20170515_01_T1,0.027241984,03/05/2017,20/04/2017,13,06/04/2017,04/05/2017,EPA 2007 to 2017
35001170040,Gill ( Lough ),Landsat8,LC08_L1TP_207022_20170620_20170630_01_T1,0.00773553,20/06/2017,15/06/2017,5,01/06/2017,29/06/2017,EPA 2007 to 2017
35001170040,Gill ( Lough ),Landsat8,LC08_L1TP_207022_20170620_20170630_01_T1,0.00773553,20/06/2017,21/06/2017,1,07/06/2017,05/07/2017,EPA 2007 to 2017
35001170040,Gill ( Lough ),Landsat8,LC08_L1TP_207022_20171127_20171206_01_T1,20.30201453,27/11/2017,20/11/2017,7,06/11/2017,04/12/2017,EPA 2007 to 2017
35001170040,Gill ( Lough ),Landsat8,LC08_L1TP_207022_20171127_20171206_01_T1,20.30201453,27/11/2017,05/12/2017,8,21/11/2017,19/12/2017,EPA 2007 to 2017
35001170040,Gill ( Lough ),Landsat8,LC08_L1TP_208022_20130718_20170503_01_T1,3.500156506,18/07/2013,08/07/2013,10,24/06/2013,22/07/2013,EPA 2007 to 2017
35001170040,Gill ( Lough ),Landsat8,LC08_L1TP_208022_20140822_20170420_01_T1,11.04506089,22/08/2014,26/08/2014,4,12/08/2014,09/09/2014,EPA 2007 to 2017
35001170040,Gill ( Lough ),Landsat8,LC08_L1TP_208022_20141126_20170417_01_T1,1.401913053,26/11/2014,20/11/2014,6,06/11/2014,04/12/2014,EPA 2007 to 2017
35001170040,Gill ( Lough ),Landsat8,LC08_L1TP_208022_20141126_20170417_01_T1,1.401913053,26/11/2014,09/12/2014,13,25/11/2014,23/12/2014,EPA 2007 to 2017
35001170040,Gill ( Lough ),Landsat8,LC08_L1TP_208022_20141212_20170416_01_T1,0.070993797,12/12/2014,09/12/2014,3,25/11/2014,23/12/2014,EPA 2007 to 2017
35001170040,Gill ( Lough ),Landsat8,LC08_L1TP_208022_20150419_20170409_01_T1,0.194181002,19/04/2015,20/04/2015,1,06/04/2015,04/05/2015,EPA 2007 to 2017
35001170040,Gill ( Lough ),Landsat8,LC08_L1TP_208022_20150419_20170409_01_T1,0.194181002,19/04/2015,16/04/2015,3,02/04/2015,30/04/2015,EPA 2007 to 2017
35001170040,Gill ( Lough ),Landsat8,LC08_L1TP_208022_20151012_20170403_01_T1,12.71685644,12/10/2015,15/10/2015,3,01/10/2015,29/10/2015,EPA 2007 to 2017
35001170040,Gill ( Lough ),Landsat8,LC08_L1TP_208022_20151028_20170402_01_T1,5.166118896,28/10/2015,10/11/2015,13,27/10/2015,24/11/2015,EPA 2007 to 2017
35001170040,Gill ( Lough ),Landsat8,LC08_L1TP_208022_20151028_20170402_01_T1,5.166118896,28/10/2015,15/10/2015,13,01/10/2015,29/10/2015,EPA 2007 to 2017
35001170040,Gill ( Lough ),Landsat8,LC08_L1TP_208022_20151113_20170402_01_T1,8.611062096,13/11/2015,10/11/2015,3,27/10/2015,24/11/2015,EPA 2007 to 2017
35001170040,Gill ( Lough ),Landsat8,LC08_L1TP_208022_20160201_20170330_01_T1,1.531801622,01/02/2016,03/02/2016,2,20/01/2016,17/02/2016,EPA 2007 to 2017
35001170040,Gill ( Lough ),Landsat8,LC08_L1TP_208022_20160217_20170329_01_T1,0.527133555,17/02/2016,03/02/2016,14,20/01/2016,17/02/2016,EPA 2007 to 2017
35001170040,Gill ( Lough ),Landsat8,LC08_L1TP_208022_20160405_20170327_01_T1,3.802778387,05/04/2016,30/03/2016,6,16/03/2016,13/04/2016,EPA 2007 to 2017
35001170040,Gill ( Lough ),Landsat8,LC08_L1TP_208022_20160405_20170327_01_T1,3.802778387,05/04/2016,13/04/2016,8,30/03/2016,27/04/2016,EPA 2007 to 2017
35001170040,Gill ( Lough ),Landsat8,LC08_L1TP_208022_20160608_20170324_01_T1,8.228686441,08/06/2016,01/06/2016,7,18/05/2016,15/06/2016,EPA 2007 to 2017
35001170040,Gill ( Lough ),Landsat8,LC08_L1TP_208022_20161014_20170319_01_T1,0.312975303,14/10/2016,06/10/2016,8,22/09/2016,20/10/2016,EPA 2007 to 2017
35001170040,Gill ( Lough ),Landsat8,LC08_L1TP_208022_20161014_20170319_01_T1,0.312975303,14/10/2016,20/10/2016,6,06/10/2016,03/11/2016,EPA 2007 to 2017
35001170040,Gill ( Lough ),Landsat8,LC08_L1TP_208022_20161217_20170316_01_T1,2.195840423,17/12/2016,07/12/2016,10,23/11/2016,21/12/2016,EPA 2007 to 2017
35001170040,Gill ( Lough ),Landsat8,LC08_L1TP_208022_20170408_20170414_01_T1,2.524675238,08/04/2017,20/04/2017,12,06/04/2017,04/05/2017,EPA 2007 to 2017
35001170040,Gill ( Lough ),Landsat8,LC08_L1TP_208022_20170408_20170414_01_T1,2.524675238,08/04/2017,27/03/2017,12,13/03/2017,10/04/2017,EPA 2007 to 2017
35001170040,Gill ( Lough ),Landsat8,LC08_L1TP_208022_20170510_20170516_01_T1,0.13684694,10/05/2017,04/05/2017,6,20/04/2017,18/05/2017,EPA 2007 to 2017
35001170040,Gill ( Lough ),Landsat8,LC08_L1TP_208022_20170510_20170516_01_T1,0.13684694,10/05/2017,18/05/2017,8,04/05/2017,01/06/2017,EPA 2007 to 2017
35001170040,Gill ( Lough ),Landsat8,LC08_L1TP_208022_20170627_20170714_01_T1,2.605564958,27/06/2017,15/06/2017,12,01/06/2017,29/06/2017,EPA 2007 to 2017
35001170040,Gill ( Lough ),Landsat8,LC08_L1TP_208022_20170627_20170714_01_T1,2.605564958,27/06/2017,21/06/2017,6,07/06/2017,05/07/2017,EPA 2007 to 2017
35001170040,Gill ( Lough ),Landsat8,LC08_L1TP_208022_20170830_20170915_01_T1,2.864898151,30/08/2017,07/09/2017,8,24/08/2017,21/09/2017,EPA 2007 to 2017
35001170040,Gill ( Lough ),Landsat8,LC08_L1TP_208022_20170830_20170915_01_T1,2.864898151,30/08/2017,23/08/2017,7,09/08/2017,06/09/2017,EPA 2007 to 2017
35001170040,Gill ( Lough ),Landsat8,LC08_L1TP_208022_20170830_20170915_01_T1,2.864898151,30/08/2017,04/09/2017,5,21/08/2017,18/09/2017,EPA 2007 to 2017
35001170040,Gill ( Lough ),Landsat8,LC08_L1TP_208022_20171017_20171024_01_T1,2.456539718,17/10/2017,05/10/2017,12,21/09/2017,19/10/2017,EPA 2007 to 2017
35001170040,Gill ( Lough ),Landsat8,LC08_L1TP_208022_20171017_20171024_01_T1,2.456539718,17/10/2017,10/10/2017,7,26/09/2017,24/10/2017,EPA 2007 to 2017
16001820070,Knockaderry Reservoir,Landsat8,LC08_L1TP_206024_20130618_20170503_01_T1,0.035388802,18/06/2013,25/06/2013,7,11/06/2013,09/07/2013,EPA 2007 to 2017
16001820070,Knockaderry Reservoir,Landsat8,LC08_L1TP_206024_20130704_20170503_01_T1,20.14188894,04/07/2013,25/06/2013,9,11/06/2013,09/07/2013,EPA 2007 to 2017
16001820070,Knockaderry Reservoir,Landsat8,LC08_L1TP_206024_20130720_20170503_01_T1,0.015724078,20/07/2013,31/07/2013,11,17/07/2013,14/08/2013,EPA 2007 to 2017
16001820070,Knockaderry Reservoir,Landsat8,LC08_L1TP_206024_20130805_20170503_01_T1,0.188676097,05/08/2013,31/07/2013,5,17/07/2013,14/08/2013,EPA 2007 to 2017
16001820070,Knockaderry Reservoir,Landsat8,LC08_L1TP_206024_20131227_20170427_01_T1,8.709983827,27/12/2013,19/12/2013,8,05/12/2013,02/01/2014,EPA 2007 to 2017
16001820070,Knockaderry Reservoir,Landsat8,LC08_L1TP_206024_20140418_20170423_01_T1,0.89097117,18/04/2014,01/05/2014,13,17/04/2014,15/05/2014,EPA 2007 to 2017
16001820070,Knockaderry Reservoir,Landsat8,LC08_L1TP_206024_20140605_20170422_01_T1,0,05/06/2014,19/06/2014,14,05/06/2014,03/07/2014,EPA 2007 to 2017
16001820070,Knockaderry Reservoir,Landsat8,LC08_L1TP_206024_20140605_20170422_01_T1,0,05/06/2014,31/05/2014,5,17/05/2014,14/06/2014,EPA 2007 to 2017
16001820070,Knockaderry Reservoir,Landsat8,LC08_L1TP_206024_20140707_20170421_01_T1,23.39005982,07/07/2014,02/07/2014,5,18/06/2014,16/07/2014,EPA 2007 to 2017
16001820070,Knockaderry Reservoir,Landsat8,LC08_L1TP_206024_20140909_20170419_01_T1,0.33867738,09/09/2014,18/09/2014,9,04/09/2014,02/10/2014,EPA 2007 to 2017
16001820070,Knockaderry Reservoir,Landsat8,LC08_L1TP_206024_20150115_20170414_01_T1,1.754871255,15/01/2015,28/01/2015,13,14/01/2015,11/02/2015,EPA 2007 to 2017
16001820070,Knockaderry Reservoir,Landsat8,LC08_L1TP_206024_20150131_20170413_01_T1,1.701293867,31/01/2015,28/01/2015,3,14/01/2015,11/02/2015,EPA 2007 to 2017
16001820070,Knockaderry Reservoir,Landsat8,LC08_L1TP_206024_20150216_20170412_01_T1,0.847290324,16/02/2015,17/02/2015,1,03/02/2015,03/03/2015,EPA 2007 to 2017
16001820070,Knockaderry Reservoir,Landsat8,LC08_L1TP_206024_20150320_20170411_01_T1,0.575475573,20/03/2015,19/03/2015,1,05/03/2015,02/04/2015,EPA 2007 to 2017
16001820070,Knockaderry Reservoir,Landsat8,LC08_L1TP_206024_20150421_20170409_01_T1,0.071522091,21/04/2015,30/04/2015,9,16/04/2015,14/05/2015,EPA 2007 to 2017
16001820070,Knockaderry Reservoir,Landsat8,LC08_L1TP_206024_20150523_20170408_01_T1,20.27270043,23/05/2015,02/06/2015,10,19/05/2015,16/06/2015,EPA 2007 to 2017
16001820070,Knockaderry Reservoir,Landsat8,LC08_L1TP_206024_20150608_20180528_01_T1,0.552768721,08/06/2015,16/06/2015,8,02/06/2015,30/06/2015,EPA 2007 to 2017
16001820070,Knockaderry Reservoir,Landsat8,LC08_L1TP_206024_20150608_20180528_01_T1,0.552768721,08/06/2015,02/06/2015,6,19/05/2015,16/06/2015,EPA 2007 to 2017
16001820070,Knockaderry Reservoir,Landsat8,LC08_L1TP_206024_20150912_20170404_01_T1,0.33462121,12/09/2015,14/09/2015,2,31/08/2015,28/09/2015,EPA 2007 to 2017
16001820070,Knockaderry Reservoir,Landsat8,LC08_L1TP_206024_20151014_20170403_01_T1,4.594485662,14/10/2015,30/09/2015,14,16/09/2015,14/10/2015,EPA 2007 to 2017
16001820070,Knockaderry Reservoir,Landsat8,LC08_L1TP_206024_20160407_20170327_01_T1,18.64063102,07/04/2016,14/04/2016,7,31/03/2016,28/04/2016,EPA 2007 to 2017
16001820070,Knockaderry Reservoir,Landsat8,LC08_L1TP_206024_20160423_20170326_01_T1,0.84599389,23/04/2016,14/04/2016,9,31/03/2016,28/04/2016,EPA 2007 to 2017
16001820070,Knockaderry Reservoir,Landsat8,LC08_L1TP_206024_20161016_20180528_01_T1,0.673208739,16/10/2016,24/10/2016,8,10/10/2016,07/11/2016,EPA 2007 to 2017
16001820070,Knockaderry Reservoir,Landsat8,LC08_L1TP_206024_20161117_20170318_01_T1,1.671809617,17/11/2016,01/12/2016,14,17/11/2016,15/12/2016,EPA 2007 to 2017
16001820070,Knockaderry Reservoir,Landsat8,LC08_L1TP_206024_20161117_20170318_01_T1,1.671809617,17/11/2016,17/11/2016,0,03/11/2016,01/12/2016,EPA 2007 to 2017
16001820070,Knockaderry Reservoir,Landsat8,LC08_L1TP_206024_20170120_20170311_01_T1,1.834171951,20/01/2017,24/01/2017,4,10/01/2017,07/02/2017,EPA 2007 to 2017
16001820070,Knockaderry Reservoir,Landsat8,LC08_L1TP_206024_20170205_20170216_01_T1,1.06321721,05/02/2017,24/01/2017,12,10/01/2017,07/02/2017,EPA 2007 to 2017
16001820070,Knockaderry Reservoir,Landsat8,LC08_L1TP_206024_20170309_20170317_01_T1,1.209021128,09/03/2017,21/03/2017,12,07/03/2017,04/04/2017,EPA 2007 to 2017
16001820070,Knockaderry Reservoir,Landsat8,LC08_L1TP_206024_20170325_20170329_01_T1,0.516237517,25/03/2017,21/03/2017,4,07/03/2017,04/04/2017,EPA 2007 to 2017
16001820070,Knockaderry Reservoir,Landsat8,LC08_L1TP_206024_20170426_20170502_01_T1,0.591482042,26/04/2017,25/04/2017,1,11/04/2017,09/05/2017,EPA 2007 to 2017
16001820070,Knockaderry Reservoir,Landsat8,LC08_L1TP_206024_20170715_20170727_01_T1,7.677431777,15/07/2017,18/07/2017,3,04/07/2017,01/08/2017,EPA 2007 to 2017
16001820070,Knockaderry Reservoir,Landsat8,LC08_L1TP_206024_20170901_20170915_01_T1,0.13857726,01/09/2017,29/08/2017,3,15/08/2017,12/09/2017,EPA 2007 to 2017
16001820070,Knockaderry Reservoir,Landsat8,LC08_L1TP_206024_20170917_20170929_01_T1,0.623584833,17/09/2017,19/09/2017,2,05/09/2017,03/10/2017,EPA 2007 to 2017
16001820070,Knockaderry Reservoir,Landsat8,LC08_L1TP_206024_20171003_20171014_01_T1,23.79721716,03/10/2017,19/09/2017,14,05/09/2017,03/10/2017,EPA 2007 to 2017
16001820070,Knockaderry Reservoir,Landsat8,LC08_L1TP_206024_20171104_20171109_01_T1,6.141953123,04/11/2017,07/11/2017,3,24/10/2017,21/11/2017,EPA 2007 to 2017
16001820070,Knockaderry Reservoir,Landsat8,LC08_L1TP_207023_20130403_20170505_01_T1,0.020537571,03/04/2013,28/03/2013,6,14/03/2013,11/04/2013,EPA 2007 to 2017
16001820070,Knockaderry Reservoir,Landsat8,LC08_L1TP_207023_20130609_20170504_01_T1,0.019446512,09/06/2013,31/05/2013,9,17/05/2013,14/06/2013,EPA 2007 to 2017
16001820070,Knockaderry Reservoir,Landsat8,LC08_L1TP_207023_20140612_20170422_01_T1,0.386067825,12/06/2014,19/06/2014,7,05/06/2014,03/07/2014,EPA 2007 to 2017
16001820070,Knockaderry Reservoir,Landsat8,LC08_L1TP_207023_20140612_20170422_01_T1,0.386067825,12/06/2014,31/05/2014,12,17/05/2014,14/06/2014,EPA 2007 to 2017
16001820070,Knockaderry Reservoir,Landsat8,LC08_L1TP_207023_20140831_20170420_01_T1,0.07628424,31/08/2014,19/08/2014,12,05/08/2014,02/09/2014,EPA 2007 to 2017
16001820070,Knockaderry Reservoir,Landsat8,LC08_L1TP_207023_20141002_20170418_01_T1,4.439773573,02/10/2014,18/09/2014,14,04/09/2014,02/10/2014,EPA 2007 to 2017
16001820070,Knockaderry Reservoir,Landsat8,LC08_L1TP_207023_20141205_20170416_01_T1,3.06347393,05/12/2014,27/11/2014,8,13/11/2014,11/12/2014,EPA 2007 to 2017
16001820070,Knockaderry Reservoir,Landsat8,LC08_L1TP_207023_20150122_20170413_01_T1,2.509665494,22/01/2015,28/01/2015,6,14/01/2015,11/02/2015,EPA 2007 to 2017
16001820070,Knockaderry Reservoir,Landsat8,LC08_L1TP_207023_20150223_20170412_01_T1,1.058788797,23/02/2015,17/02/2015,6,03/02/2015,03/03/2015,EPA 2007 to 2017
16001820070,Knockaderry Reservoir,Landsat8,LC08_L1TP_207023_20150428_20170409_01_T1,0.379688342,28/04/2015,30/04/2015,2,16/04/2015,14/05/2015,EPA 2007 to 2017
16001820070,Knockaderry Reservoir,Landsat8,LC08_L1TP_207023_20150615_20170407_01_T1,0.080006675,15/06/2015,16/06/2015,1,02/06/2015,30/06/2015,EPA 2007 to 2017
16001820070,Knockaderry Reservoir,Landsat8,LC08_L1TP_207023_20150615_20170407_01_T1,0.080006675,15/06/2015,02/06/2015,13,19/05/2015,16/06/2015,EPA 2007 to 2017
16001820070,Knockaderry Reservoir,Landsat8,LC08_L1TP_207023_20151122_20170401_01_T1,3.825725875,22/11/2015,25/11/2015,3,11/11/2015,09/12/2015,EPA 2007 to 2017
16001820070,Knockaderry Reservoir,Landsat8,LC08_L1TP_207023_20151208_20170401_01_T1,0,08/12/2015,25/11/2015,13,11/11/2015,09/12/2015,EPA 2007 to 2017
16001820070,Knockaderry Reservoir,Landsat8,LC08_L1TP_207023_20151208_20170401_01_T1,0,08/12/2015,08/12/2015,0,24/11/2015,22/12/2015,EPA 2007 to 2017
16001820070,Knockaderry Reservoir,Landsat8,LC08_L1TP_207023_20160210_20170330_01_T1,3.929389264,10/02/2016,23/02/2016,13,09/02/2016,08/03/2016,EPA 2007 to 2017
16001820070,Knockaderry Reservoir,Landsat8,LC08_L1TP_207023_20160516_20170324_01_T1,0.217685416,16/05/2016,23/05/2016,7,09/05/2016,06/06/2016,EPA 2007 to 2017
16001820070,Knockaderry Reservoir,Landsat8,LC08_L1TP_207023_20160601_20170324_01_T1,0,01/06/2016,15/06/2016,14,01/06/2016,29/06/2016,EPA 2007 to 2017
16001820070,Knockaderry Reservoir,Landsat8,LC08_L1TP_207023_20160601_20170324_01_T1,0,01/06/2016,23/05/2016,9,09/05/2016,06/06/2016,EPA 2007 to 2017
16001820070,Knockaderry Reservoir,Landsat8,LC08_L1TP_207023_20160719_20170323_01_T1,0,19/07/2016,25/07/2016,6,11/07/2016,08/08/2016,EPA 2007 to 2017
16001820070,Knockaderry Reservoir,Landsat8,LC08_L1TP_207023_20160905_20170321_01_T1,8.769363079,05/09/2016,19/09/2016,14,05/09/2016,03/10/2016,EPA 2007 to 2017
16001820070,Knockaderry Reservoir,Landsat8,LC08_L1TP_207023_20161023_20170318_01_T1,0.480848715,23/10/2016,24/10/2016,1,10/10/2016,07/11/2016,EPA 2007 to 2017
16001820070,Knockaderry Reservoir,Landsat8,LC08_L1TP_207023_20161124_20180528_01_T1,4.020999666,24/11/2016,01/12/2016,7,17/11/2016,15/12/2016,EPA 2007 to 2017
16001820070,Knockaderry Reservoir,Landsat8,LC08_L1TP_207023_20161124_20180528_01_T1,4.020999666,24/11/2016,17/11/2016,7,03/11/2016,01/12/2016,EPA 2007 to 2017
16001820070,Knockaderry Reservoir,Landsat8,LC08_L1TP_207023_20170111_20170311_01_T1,3.4804508,11/01/2017,24/01/2017,13,10/01/2017,07/02/2017,EPA 2007 to 2017
16001820070,Knockaderry Reservoir,Landsat8,LC08_L1TP_207023_20170127_20170214_01_T1,2.000141196,27/01/2017,24/01/2017,3,10/01/2017,07/02/2017,EPA 2007 to 2017
16001820070,Knockaderry Reservoir,Landsat8,LC08_L1TP_207023_20170228_20170316_01_T1,0.699599517,28/02/2017,21/02/2017,7,07/02/2017,07/03/2017,EPA 2007 to 2017
16001820070,Knockaderry Reservoir,Landsat8,LC08_L1TP_207023_20170401_20170414_01_T1,0.682591841,01/04/2017,21/03/2017,11,07/03/2017,04/04/2017,EPA 2007 to 2017
16001820070,Knockaderry Reservoir,Landsat8,LC08_L1TP_207023_20170503_20170515_01_T1,0,03/05/2017,16/05/2017,13,02/05/2017,30/05/2017,EPA 2007 to 2017
16001820070,Knockaderry Reservoir,Landsat8,LC08_L1TP_207023_20170503_20170515_01_T1,0,03/05/2017,25/04/2017,8,11/04/2017,09/05/2017,EPA 2007 to 2017
16001820070,Knockaderry Reservoir,Landsat8,LC08_L1TP_207023_20170620_20170630_01_T1,0.819924011,20/06/2017,27/06/2017,7,13/06/2017,11/07/2017,EPA 2007 to 2017
16001820070,Knockaderry Reservoir,Landsat8,LC08_L1TP_207024_20140612_20170422_01_T1,0.382037327,12/06/2014,19/06/2014,7,05/06/2014,03/07/2014,EPA 2007 to 2017
16001820070,Knockaderry Reservoir,Landsat8,LC08_L1TP_207024_20140612_20170422_01_T1,0.382037327,12/06/2014,31/05/2014,12,17/05/2014,14/06/2014,EPA 2007 to 2017
16001820070,Knockaderry Reservoir,Landsat8,LC08_L1TP_207024_20140831_20170420_01_T1,0.035542834,31/08/2014,19/08/2014,12,05/08/2014,02/09/2014,EPA 2007 to 2017
16001820070,Knockaderry Reservoir,Landsat8,LC08_L1TP_207024_20141002_20170418_01_T1,3.708520525,02/10/2014,18/09/2014,14,04/09/2014,02/10/2014,EPA 2007 to 2017
16001820070,Knockaderry Reservoir,Landsat8,LC08_L1TP_207024_20141205_20170416_01_T1,2.119413139,05/12/2014,27/11/2014,8,13/11/2014,11/12/2014,EPA 2007 to 2017
16001820070,Knockaderry Reservoir,Landsat8,LC08_L1TP_207024_20150122_20170413_01_T1,1.777539599,22/01/2015,28/01/2015,6,14/01/2015,11/02/2015,EPA 2007 to 2017
16001820070,Knockaderry Reservoir,Landsat8,LC08_L1TP_207024_20150223_20170412_01_T1,0.683387672,23/02/2015,17/02/2015,6,03/02/2015,03/03/2015,EPA 2007 to 2017
16001820070,Knockaderry Reservoir,Landsat8,LC08_L1TP_207024_20150428_20170409_01_T1,0.266192591,28/04/2015,30/04/2015,2,16/04/2015,14/05/2015,EPA 2007 to 2017
16001820070,Knockaderry Reservoir,Landsat8,LC08_L1TP_207024_20150615_20170407_01_T1,0.061753909,15/06/2015,16/06/2015,1,02/06/2015,30/06/2015,EPA 2007 to 2017
16001820070,Knockaderry Reservoir,Landsat8,LC08_L1TP_207024_20150615_20170407_01_T1,0.061753909,15/06/2015,02/06/2015,13,19/05/2015,16/06/2015,EPA 2007 to 2017
16001820070,Knockaderry Reservoir,Landsat8,LC08_L1TP_207024_20151122_20170401_01_T1,2.88011193,22/11/2015,25/11/2015,3,11/11/2015,09/12/2015,EPA 2007 to 2017
16001820070,Knockaderry Reservoir,Landsat8,LC08_L1TP_207024_20151208_20170401_01_T1,0,08/12/2015,25/11/2015,13,11/11/2015,09/12/2015,EPA 2007 to 2017
16001820070,Knockaderry Reservoir,Landsat8,LC08_L1TP_207024_20151208_20170401_01_T1,0,08/12/2015,08/12/2015,0,24/11/2015,22/12/2015,EPA 2007 to 2017
16001820070,Knockaderry Reservoir,Landsat8,LC08_L1TP_207024_20160210_20170330_01_T1,2.682861397,10/02/2016,23/02/2016,13,09/02/2016,08/03/2016,EPA 2007 to 2017
16001820070,Knockaderry Reservoir,Landsat8,LC08_L1TP_207024_20160516_20170324_01_T1,0.184440223,16/05/2016,23/05/2016,7,09/05/2016,06/06/2016,EPA 2007 to 2017
16001820070,Knockaderry Reservoir,Landsat8,LC08_L1TP_207024_20160601_20170324_01_T1,0,01/06/2016,15/06/2016,14,01/06/2016,29/06/2016,EPA 2007 to 2017
16001820070,Knockaderry Reservoir,Landsat8,LC08_L1TP_207024_20160601_20170324_01_T1,0,01/06/2016,23/05/2016,9,09/05/2016,06/06/2016,EPA 2007 to 2017
16001820070,Knockaderry Reservoir,Landsat8,LC08_L1TP_207024_20160719_20170323_01_T1,0,19/07/2016,25/07/2016,6,11/07/2016,08/08/2016,EPA 2007 to 2017
16001820070,Knockaderry Reservoir,Landsat8,LC08_L1TP_207024_20160905_20170321_01_T1,8.034310579,05/09/2016,19/09/2016,14,05/09/2016,03/10/2016,EPA 2007 to 2017
16001820070,Knockaderry Reservoir,Landsat8,LC08_L1TP_207024_20161023_20170318_01_T1,0.328626807,23/10/2016,24/10/2016,1,10/10/2016,07/11/2016,EPA 2007 to 2017
16001820070,Knockaderry Reservoir,Landsat8,LC08_L1TP_207024_20161124_20180528_01_T1,2.971914872,24/11/2016,01/12/2016,7,17/11/2016,15/12/2016,EPA 2007 to 2017
16001820070,Knockaderry Reservoir,Landsat8,LC08_L1TP_207024_20161124_20180528_01_T1,2.971914872,24/11/2016,17/11/2016,7,03/11/2016,01/12/2016,EPA 2007 to 2017
16001820070,Knockaderry Reservoir,Landsat8,LC08_L1TP_207024_20170111_20170311_01_T1,2.574166303,11/01/2017,24/01/2017,13,10/01/2017,07/02/2017,EPA 2007 to 2017
16001820070,Knockaderry Reservoir,Landsat8,LC08_L1TP_207024_20170127_20170214_01_T1,1.432970503,27/01/2017,24/01/2017,3,10/01/2017,07/02/2017,EPA 2007 to 2017
16001820070,Knockaderry Reservoir,Landsat8,LC08_L1TP_207024_20170228_20170316_01_T1,0.373462891,28/02/2017,21/02/2017,7,07/02/2017,07/03/2017,EPA 2007 to 2017
16001820070,Knockaderry Reservoir,Landsat8,LC08_L1TP_207024_20170401_20170414_01_T1,0.46463687,01/04/2017,21/03/2017,11,07/03/2017,04/04/2017,EPA 2007 to 2017
16001820070,Knockaderry Reservoir,Landsat8,LC08_L1TP_207024_20170503_20170515_01_T1,0,03/05/2017,16/05/2017,13,02/05/2017,30/05/2017,EPA 2007 to 2017
16001820070,Knockaderry Reservoir,Landsat8,LC08_L1TP_207024_20170503_20170515_01_T1,0,03/05/2017,25/04/2017,8,11/04/2017,09/05/2017,EPA 2007 to 2017
16001820070,Knockaderry Reservoir,Landsat8,LC08_L1TP_207024_20170620_20170630_01_T1,0.681564963,20/06/2017,27/06/2017,7,13/06/2017,11/07/2017,EPA 2007 to 2017
6000940280,Muckno ( Lough ) or Blayney Castle Lake,Landsat8,LC08_L1TP_206022_20130720_20170503_01_T1,0.686171035,20/07/2013,11/07/2013,9,27/06/2013,25/07/2013,EPA 2007 to 2017
6000940280,Muckno ( Lough ) or Blayney Castle Lake,Landsat8,LC08_L1TP_206022_20130906_20170502_01_T1,4.923738946,06/09/2013,10/09/2013,4,27/08/2013,24/09/2013,EPA 2007 to 2017
6000940280,Muckno ( Lough ) or Blayney Castle Lake,Landsat8,LC08_L1TP_206022_20131024_20170429_01_T1,1.969397629,24/10/2013,16/10/2013,8,02/10/2013,30/10/2013,EPA 2007 to 2017
6000940280,Muckno ( Lough ) or Blayney Castle Lake,Landsat8,LC08_L1TP_206022_20131211_20170428_01_T1,23.40923484,11/12/2013,11/12/2013,0,27/11/2013,25/12/2013,EPA 2007 to 2017
6000940280,Muckno ( Lough ) or Blayney Castle Lake,Landsat8,LC08_L1TP_206022_20140418_20170423_01_T1,0.70747809,18/04/2014,22/04/2014,4,08/04/2014,06/05/2014,EPA 2007 to 2017
6000940280,Muckno ( Lough ) or Blayney Castle Lake,Landsat8,LC08_L1TP_206022_20140723_20170421_01_T1,0.420591268,23/07/2014,28/07/2014,5,14/07/2014,11/08/2014,EPA 2007 to 2017
6000940280,Muckno ( Lough ) or Blayney Castle Lake,Landsat8,LC08_L1TP_206022_20140723_20170421_01_T1,0.420591268,23/07/2014,05/08/2014,13,22/07/2014,19/08/2014,EPA 2007 to 2017
6000940280,Muckno ( Lough ) or Blayney Castle Lake,Landsat8,LC08_L1TP_206022_20141011_20170418_01_T1,2.63512214,11/10/2014,22/10/2014,11,08/10/2014,05/11/2014,EPA 2007 to 2017
6000940280,Muckno ( Lough ) or Blayney Castle Lake,Landsat8,LC08_L1TP_206022_20150421_20170409_01_T1,0.117686481,21/04/2015,07/04/2015,14,24/03/2015,21/04/2015,EPA 2007 to 2017
6000940280,Muckno ( Lough ) or Blayney Castle Lake,Landsat8,LC08_L1TP_206022_20150710_20170407_01_T1,24.69086331,10/07/2015,21/07/2015,11,07/07/2015,04/08/2015,EPA 2007 to 2017
6000940280,Muckno ( Lough ) or Blayney Castle Lake,Landsat8,LC08_L1TP_206022_20150827_20170405_01_T1,3.828733592,27/08/2015,18/08/2015,9,04/08/2015,01/09/2015,EPA 2007 to 2017
6000940280,Muckno ( Lough ) or Blayney Castle Lake,Landsat8,LC08_L1TP_206022_20150928_20170403_01_T1,15.89251596,28/09/2015,01/10/2015,3,17/09/2015,15/10/2015,EPA 2007 to 2017
6000940280,Muckno ( Lough ) or Blayney Castle Lake,Landsat8,LC08_L1TP_206022_20151014_20170403_01_T1,2.219034778,14/10/2015,01/10/2015,13,17/09/2015,15/10/2015,EPA 2007 to 2017
6000940280,Muckno ( Lough ) or Blayney Castle Lake,Landsat8,LC08_L1TP_206022_20160509_20170325_01_T1,3.813348138,09/05/2016,04/05/2016,5,20/04/2016,18/05/2016,EPA 2007 to 2017
6000940280,Muckno ( Lough ) or Blayney Castle Lake,Landsat8,LC08_L1TP_206022_20160930_20170321_01_T1,21.08468097,30/09/2016,29/09/2016,1,15/09/2016,13/10/2016,EPA 2007 to 2017
6000940280,Muckno ( Lough ) or Blayney Castle Lake,Landsat8,LC08_L1TP_206022_20160930_20170321_01_T1,21.08468097,30/09/2016,04/10/2016,4,20/09/2016,18/10/2016,EPA 2007 to 2017
6000940280,Muckno ( Lough ) or Blayney Castle Lake,Landsat8,LC08_L1TP_206022_20161101_20170318_01_T1,2.523233335,01/11/2016,07/11/2016,6,24/10/2016,21/11/2016,EPA 2007 to 2017
6000940280,Muckno ( Lough ) or Blayney Castle Lake,Landsat8,LC08_L1TP_206022_20170325_20170329_01_T1,1.524066106,25/03/2017,06/04/2017,12,23/03/2017,20/04/2017,EPA 2007 to 2017
6000940280,Muckno ( Lough ) or Blayney Castle Lake,Landsat8,LC08_L1TP_206022_20170901_20170915_01_T1,24.43063608,01/09/2017,12/09/2017,11,29/08/2017,26/09/2017,EPA 2007 to 2017
6000940280,Muckno ( Lough ) or Blayney Castle Lake,Landsat8,LC08_L1TP_207022_20130403_20170505_01_T1,8.166935239,03/04/2013,10/04/2013,7,27/03/2013,24/04/2013,EPA 2007 to 2017
6000940280,Muckno ( Lough ) or Blayney Castle Lake,Landsat8,LC08_L1TP_207022_20130524_20170504_01_T1,10.06500608,24/05/2013,29/05/2013,5,15/05/2013,12/06/2013,EPA 2007 to 2017
6000940280,Muckno ( Lough ) or Blayney Castle Lake,Landsat8,LC08_L1TP_207022_20130609_20170504_01_T1,2.411329453,09/06/2013,12/06/2013,3,29/05/2013,26/06/2013,EPA 2007 to 2017
6000940280,Muckno ( Lough ) or Blayney Castle Lake,Landsat8,LC08_L1TP_207022_20130609_20170504_01_T1,2.411329453,09/06/2013,29/05/2013,11,15/05/2013,12/06/2013,EPA 2007 to 2017
6000940280,Muckno ( Lough ) or Blayney Castle Lake,Landsat8,LC08_L1TP_207022_20130711_20170503_01_T1,4.575261114,11/07/2013,11/07/2013,0,27/06/2013,25/07/2013,EPA 2007 to 2017
6000940280,Muckno ( Lough ) or Blayney Castle Lake,Landsat8,LC08_L1TP_207022_20131015_20170429_01_T1,1.001265134,15/10/2013,16/10/2013,1,02/10/2013,30/10/2013,EPA 2007 to 2017
6000940280,Muckno ( Lough ) or Blayney Castle Lake,Landsat8,LC08_L1TP_207022_20141018_20170418_01_T1,7.80166065,18/10/2014,22/10/2014,4,08/10/2014,05/11/2014,EPA 2007 to 2017
6000940280,Muckno ( Lough ) or Blayney Castle Lake,Landsat8,LC08_L1TP_207022_20141103_20170418_01_T1,5.0225571,03/11/2014,22/10/2014,12,08/10/2014,05/11/2014,EPA 2007 to 2017
6000940280,Muckno ( Lough ) or Blayney Castle Lake,Landsat8,LC08_L1TP_207022_20160210_20170330_01_T1,1.191350846,10/02/2016,10/02/2016,0,27/01/2016,24/02/2016,EPA 2007 to 2017
6000940280,Muckno ( Lough ) or Blayney Castle Lake,Landsat8,LC08_L1TP_207022_20160210_20170330_01_T1,1.191350846,10/02/2016,27/01/2016,14,13/01/2016,10/02/2016,EPA 2007 to 2017
6000940280,Muckno ( Lough ) or Blayney Castle Lake,Landsat8,LC08_L1TP_207022_20160430_20170325_01_T1,11.43464067,30/04/2016,04/05/2016,4,20/04/2016,18/05/2016,EPA 2007 to 2017
6000940280,Muckno ( Lough ) or Blayney Castle Lake,Landsat8,LC08_L1TP_207022_20160516_20170324_01_T1,16.29452331,16/05/2016,04/05/2016,12,20/04/2016,18/05/2016,EPA 2007 to 2017
6000940280,Muckno ( Lough ) or Blayney Castle Lake,Landsat8,LC08_L1TP_207022_20160601_20170324_01_T1,0.001693792,01/06/2016,08/06/2016,7,25/05/2016,22/06/2016,EPA 2007 to 2017
6000940280,Muckno ( Lough ) or Blayney Castle Lake,Landsat8,LC08_L1TP_207022_20160719_20170323_01_T1,0.058882832,19/07/2016,06/07/2016,13,22/06/2016,20/07/2016,EPA 2007 to 2017
6000940280,Muckno ( Lough ) or Blayney Castle Lake,Landsat8,LC08_L1TP_207022_20160804_20170322_01_T1,18.44965459,04/08/2016,03/08/2016,1,20/07/2016,17/08/2016,EPA 2007 to 2017
6000940280,Muckno ( Lough ) or Blayney Castle Lake,Landsat8,LC08_L1TP_207022_20161124_20180528_01_T1,6.451002086,24/11/2016,06/12/2016,12,22/11/2016,20/12/2016,EPA 2007 to 2017
6000940280,Muckno ( Lough ) or Blayney Castle Lake,Landsat8,LC08_L1TP_207022_20170620_20170630_01_T1,0.076508388,20/06/2017,06/06/2017,14,23/05/2017,20/06/2017,EPA 2007 to 2017
26001570260,Owel ( Lough ),Landsat8,LC08_L1TP_206023_20130408_20170505_01_T1,2.871737125,08/04/2013,25/03/2013,14,11/03/2013,08/04/2013,EPA 2007 to 2017
26001570260,Owel ( Lough ),Landsat8,LC08_L1TP_206023_20130408_20170505_01_T1,2.871737125,08/04/2013,08/04/2013,0,25/03/2013,22/04/2013,EPA 2007 to 2017
26001570260,Owel ( Lough ),Landsat8,LC08_L1TP_206023_20130415_20170505_01_T1,12.46545409,15/04/2013,23/04/2013,8,09/04/2013,07/05/2013,EPA 2007 to 2017
26001570260,Owel ( Lough ),Landsat8,LC08_L1TP_206023_20130415_20170505_01_T1,12.46545409,15/04/2013,08/04/2013,7,25/03/2013,22/04/2013,EPA 2007 to 2017
26001570260,Owel ( Lough ),Landsat8,LC08_L1TP_206023_20130501_20180528_01_T1,15.38174722,01/05/2013,23/04/2013,8,09/04/2013,07/05/2013,EPA 2007 to 2017
26001570260,Owel ( Lough ),Landsat8,LC08_L1TP_206023_20130720_20170503_01_T1,0.215143505,20/07/2013,01/08/2013,12,18/07/2013,15/08/2013,EPA 2007 to 2017
26001570260,Owel ( Lough ),Landsat8,LC08_L1TP_206023_20130720_20170503_01_T1,0.215143505,20/07/2013,30/07/2013,10,16/07/2013,13/08/2013,EPA 2007 to 2017
26001570260,Owel ( Lough ),Landsat8,LC08_L1TP_206023_20130906_20170502_01_T1,17.45711502,06/09/2013,12/09/2013,6,29/08/2013,26/09/2013,EPA 2007 to 2017
26001570260,Owel ( Lough ),Landsat8,LC08_L1TP_206023_20130906_20170502_01_T1,17.45711502,06/09/2013,09/09/2013,3,26/08/2013,23/09/2013,EPA 2007 to 2017
26001570260,Owel ( Lough ),Landsat8,LC08_L1TP_206023_20131109_20170428_01_T1,17.51383042,09/11/2013,22/11/2013,13,08/11/2013,06/12/2013,EPA 2007 to 2017
26001570260,Owel ( Lough ),Landsat8,LC08_L1TP_206023_20131211_20170428_01_T1,13.58249304,11/12/2013,16/12/2013,5,02/12/2013,30/12/2013,EPA 2007 to 2017
26001570260,Owel ( Lough ),Landsat8,LC08_L1TP_206023_20131211_20170428_01_T1,13.58249304,11/12/2013,09/12/2013,2,25/11/2013,23/12/2013,EPA 2007 to 2017
26001570260,Owel ( Lough ),Landsat8,LC08_L1TP_206023_20140418_20170423_01_T1,0.019147266,18/04/2014,15/04/2014,3,01/04/2014,29/04/2014,EPA 2007 to 2017
26001570260,Owel ( Lough ),Landsat8,LC08_L1TP_206023_20141230_20170415_01_T1,13.64267628,30/12/2014,16/12/2014,14,02/12/2014,30/12/2014,EPA 2007 to 2017
26001570260,Owel ( Lough ),Landsat8,LC08_L1TP_206023_20150115_20170414_01_T1,0.411152185,15/01/2015,27/01/2015,12,13/01/2015,10/02/2015,EPA 2007 to 2017
26001570260,Owel ( Lough ),Landsat8,LC08_L1TP_206023_20150131_20170413_01_T1,0.630920173,31/01/2015,27/01/2015,4,13/01/2015,10/02/2015,EPA 2007 to 2017
26001570260,Owel ( Lough ),Landsat8,LC08_L1TP_206023_20150421_20170409_01_T1,1.753264387,21/04/2015,15/04/2015,6,01/04/2015,29/04/2015,EPA 2007 to 2017
26001570260,Owel ( Lough ),Landsat8,LC08_L1TP_206023_20150912_20170404_01_T1,20.63096613,12/09/2015,16/09/2015,4,02/09/2015,30/09/2015,EPA 2007 to 2017
26001570260,Owel ( Lough ),Landsat8,LC08_L1TP_206023_20151014_20170403_01_T1,1.65656943,14/10/2015,13/10/2015,1,29/09/2015,27/10/2015,EPA 2007 to 2017
26001570260,Owel ( Lough ),Landsat8,LC08_L1TP_206023_20151217_20170331_01_T1,0.630362069,17/12/2015,14/12/2015,3,30/11/2015,28/12/2015,EPA 2007 to 2017
26001570260,Owel ( Lough ),Landsat8,LC08_L1TP_206023_20160829_20170321_01_T1,5.224685518,29/08/2016,18/08/2016,11,04/08/2016,01/09/2016,EPA 2007 to 2017
26001570260,Owel ( Lough ),Landsat8,LC08_L1TP_206023_20161101_20170318_01_T1,0.491906464,01/11/2016,18/10/2016,14,04/10/2016,01/11/2016,EPA 2007 to 2017
26001570260,Owel ( Lough ),Landsat8,LC08_L1TP_206023_20161219_20170315_01_T1,1.200005598,19/12/2016,13/12/2016,6,29/11/2016,27/12/2016,EPA 2007 to 2017
26001570260,Owel ( Lough ),Landsat8,LC08_L1TP_206023_20170120_20170311_01_T1,4.650831851,20/01/2017,16/01/2017,4,02/01/2017,30/01/2017,EPA 2007 to 2017
26001570260,Owel ( Lough ),Landsat8,LC08_L1TP_206023_20170309_20170317_01_T1,0.395592331,09/03/2017,13/03/2017,4,27/02/2017,27/03/2017,EPA 2007 to 2017
26001570260,Owel ( Lough ),Landsat8,LC08_L1TP_206023_20170325_20170329_01_T1,0.067727144,25/03/2017,13/03/2017,12,27/02/2017,27/03/2017,EPA 2007 to 2017
26001570260,Owel ( Lough ),Landsat8,LC08_L1TP_207023_20130403_20170505_01_T1,5.636889978,03/04/2013,25/03/2013,9,11/03/2013,08/04/2013,EPA 2007 to 2017
26001570260,Owel ( Lough ),Landsat8,LC08_L1TP_207023_20130403_20170505_01_T1,5.636889978,03/04/2013,08/04/2013,5,25/03/2013,22/04/2013,EPA 2007 to 2017
26001570260,Owel ( Lough ),Landsat8,LC08_L1TP_207023_20130609_20170504_01_T1,0.080072806,09/06/2013,10/06/2013,1,27/05/2013,24/06/2013,EPA 2007 to 2017
26001570260,Owel ( Lough ),Landsat8,LC08_L1TP_207023_20130609_20170504_01_T1,0.080072806,09/06/2013,19/06/2013,10,05/06/2013,03/07/2013,EPA 2007 to 2017
26001570260,Owel ( Lough ),Landsat8,LC08_L1TP_207023_20130609_20170504_01_T1,0.080072806,09/06/2013,27/05/2013,13,13/05/2013,10/06/2013,EPA 2007 to 2017
26001570260,Owel ( Lough ),Landsat8,LC08_L1TP_207023_20130711_20170503_01_T1,10.87891368,11/07/2013,01/07/2013,10,17/06/2013,15/07/2013,EPA 2007 to 2017
26001570260,Owel ( Lough ),Landsat8,LC08_L1TP_207023_20131015_20170429_01_T1,1.856916111,15/10/2013,14/10/2013,1,30/09/2013,28/10/2013,EPA 2007 to 2017
26001570260,Owel ( Lough ),Landsat8,LC08_L1TP_207023_20131218_20170427_01_T1,0.947240395,18/12/2013,16/12/2013,2,02/12/2013,30/12/2013,EPA 2007 to 2017
26001570260,Owel ( Lough ),Landsat8,LC08_L1TP_207023_20131218_20170427_01_T1,0.947240395,18/12/2013,09/12/2013,9,25/11/2013,23/12/2013,EPA 2007 to 2017
26001570260,Owel ( Lough ),Landsat8,LC08_L1TP_207023_20140527_20170422_01_T1,24.73773287,27/05/2014,14/05/2014,13,30/04/2014,28/05/2014,EPA 2007 to 2017
26001570260,Owel ( Lough ),Landsat8,LC08_L1TP_207023_20141205_20170416_01_T1,14.90286513,05/12/2014,16/12/2014,11,02/12/2014,30/12/2014,EPA 2007 to 2017
26001570260,Owel ( Lough ),Landsat8,LC08_L1TP_207023_20141205_20170416_01_T1,14.90286513,05/12/2014,25/11/2014,10,11/11/2014,09/12/2014,EPA 2007 to 2017
26001570260,Owel ( Lough ),Landsat8,LC08_L1TP_207023_20150122_20170413_01_T1,0.835334269,22/01/2015,27/01/2015,5,13/01/2015,10/02/2015,EPA 2007 to 2017
26001570260,Owel ( Lough ),Landsat8,LC08_L1TP_207023_20150223_20170412_01_T1,21.36022862,23/02/2015,25/02/2015,2,11/02/2015,11/03/2015,EPA 2007 to 2017
26001570260,Owel ( Lough ),Landsat8,LC08_L1TP_207023_20150818_20170406_01_T1,13.01078919,18/08/2015,17/08/2015,1,03/08/2015,31/08/2015,EPA 2007 to 2017
26001570260,Owel ( Lough ),Landsat8,LC08_L1TP_207023_20151122_20170401_01_T1,0.822990335,22/11/2015,22/11/2015,0,08/11/2015,06/12/2015,EPA 2007 to 2017
26001570260,Owel ( Lough ),Landsat8,LC08_L1TP_207023_20151208_20170401_01_T1,6.193737216,08/12/2015,14/12/2015,6,30/11/2015,28/12/2015,EPA 2007 to 2017
26001570260,Owel ( Lough ),Landsat8,LC08_L1TP_207023_20160109_20170405_01_T1,0.487868422,09/01/2016,20/01/2016,11,06/01/2016,03/02/2016,EPA 2007 to 2017
26001570260,Owel ( Lough ),Landsat8,LC08_L1TP_207023_20160210_20170330_01_T1,0.238428339,10/02/2016,11/02/2016,1,28/01/2016,25/02/2016,EPA 2007 to 2017
26001570260,Owel ( Lough ),Landsat8,LC08_L1TP_207023_20160516_20170324_01_T1,9.559471188,16/05/2016,16/05/2016,0,02/05/2016,30/05/2016,EPA 2007 to 2017
26001570260,Owel ( Lough ),Landsat8,LC08_L1TP_207023_20160719_20170323_01_T1,0.027668451,19/07/2016,12/07/2016,7,28/06/2016,26/07/2016,EPA 2007 to 2017
26001570260,Owel ( Lough ),Landsat8,LC08_L1TP_207023_20161007_20170320_01_T1,1.185227435,07/10/2016,18/10/2016,11,04/10/2016,01/11/2016,EPA 2007 to 2017
26001570260,Owel ( Lough ),Landsat8,LC08_L1TP_207023_20161124_20180528_01_T1,0.900720489,24/11/2016,17/11/2016,7,03/11/2016,01/12/2016,EPA 2007 to 2017
26001570260,Owel ( Lough ),Landsat8,LC08_L1TP_207023_20161226_20170314_01_T1,1.537554484,26/12/2016,13/12/2016,13,29/11/2016,27/12/2016,EPA 2007 to 2017
26001570260,Owel ( Lough ),Landsat8,LC08_L1TP_207023_20170111_20170311_01_T1,1.574417646,11/01/2017,16/01/2017,5,02/01/2017,30/01/2017,EPA 2007 to 2017
9001680230,Pollaphuca Reservoir,Landsat8,LC08_L1TP_205023_20140206_20170426_01_T1,3.821248744,06/02/2014,18/02/2014,12,04/02/2014,04/03/2014,EPA 2007 to 2017
9001680230,Pollaphuca Reservoir,Landsat8,LC08_L1TP_205023_20140206_20170426_01_T1,3.821248744,06/02/2014,19/02/2014,13,05/02/2014,05/03/2014,EPA 2007 to 2017
9001680230,Pollaphuca Reservoir,Landsat8,LC08_L1TP_205023_20140206_20170426_01_T1,3.821248744,06/02/2014,28/01/2014,9,14/01/2014,11/02/2014,EPA 2007 to 2017
9001680230,Pollaphuca Reservoir,Landsat8,LC08_L1TP_205023_20140206_20170426_01_T1,3.821248744,06/02/2014,29/01/2014,8,15/01/2014,12/02/2014,EPA 2007 to 2017
9001680230,Pollaphuca Reservoir,Landsat8,LC08_L1TP_205023_20150414_20170409_01_T1,11.25451092,14/04/2015,14/04/2015,0,31/03/2015,28/04/2015,EPA 2007 to 2017
9001680230,Pollaphuca Reservoir,Landsat8,LC08_L1TP_205023_20150414_20170409_01_T1,11.25451092,14/04/2015,15/04/2015,1,01/04/2015,29/04/2015,EPA 2007 to 2017
9001680230,Pollaphuca Reservoir,Landsat8,LC08_L1TP_206023_20130805_20170503_01_T1,23.9895246,05/08/2013,14/08/2013,9,31/07/2013,28/08/2013,EPA 2007 to 2017
9001680230,Pollaphuca Reservoir,Landsat8,LC08_L1TP_206023_20130805_20170503_01_T1,23.9895246,05/08/2013,22/07/2013,14,08/07/2013,05/08/2013,EPA 2007 to 2017
9001680230,Pollaphuca Reservoir,Landsat8,LC08_L1TP_206023_20130805_20170503_01_T1,23.9895246,05/08/2013,24/07/2013,12,10/07/2013,07/08/2013,EPA 2007 to 2017
9001680230,Pollaphuca Reservoir,Landsat8,LC08_L1TP_206023_20130922_20170502_01_T1,9.674231128,22/09/2013,11/09/2013,11,28/08/2013,25/09/2013,EPA 2007 to 2017
9001680230,Pollaphuca Reservoir,Landsat8,LC08_L1TP_206023_20130922_20170502_01_T1,9.674231128,22/09/2013,26/09/2013,4,12/09/2013,10/10/2013,EPA 2007 to 2017
9001680230,Pollaphuca Reservoir,Landsat8,LC08_L1TP_206023_20131024_20170429_01_T1,2.196082303,24/10/2013,29/10/2013,5,15/10/2013,12/11/2013,EPA 2007 to 2017
9001680230,Pollaphuca Reservoir,Landsat8,LC08_L1TP_206023_20131024_20170429_01_T1,2.196082303,24/10/2013,30/10/2013,6,16/10/2013,13/11/2013,EPA 2007 to 2017
9001680230,Pollaphuca Reservoir,Landsat8,LC08_L1TP_206023_20131109_20170428_01_T1,10.68332163,09/11/2013,19/11/2013,10,05/11/2013,03/12/2013,EPA 2007 to 2017
9001680230,Pollaphuca Reservoir,Landsat8,LC08_L1TP_206023_20131109_20170428_01_T1,10.68332163,09/11/2013,29/10/2013,11,15/10/2013,12/11/2013,EPA 2007 to 2017
9001680230,Pollaphuca Reservoir,Landsat8,LC08_L1TP_206023_20131109_20170428_01_T1,10.68332163,09/11/2013,30/10/2013,10,16/10/2013,13/11/2013,EPA 2007 to 2017
9001680230,Pollaphuca Reservoir,Landsat8,LC08_L1TP_206023_20140418_20170423_01_T1,0.081893672,18/04/2014,23/04/2014,5,09/04/2014,07/05/2014,EPA 2007 to 2017
9001680230,Pollaphuca Reservoir,Landsat8,LC08_L1TP_206023_20140418_20170423_01_T1,0.081893672,18/04/2014,29/04/2014,11,15/04/2014,13/05/2014,EPA 2007 to 2017
9001680230,Pollaphuca Reservoir,Landsat8,LC08_L1TP_206023_20140723_20170421_01_T1,17.1604279,23/07/2014,15/07/2014,8,01/07/2014,29/07/2014,EPA 2007 to 2017
9001680230,Pollaphuca Reservoir,Landsat8,LC08_L1TP_206023_20140723_20170421_01_T1,17.1604279,23/07/2014,16/07/2014,7,02/07/2014,30/07/2014,EPA 2007 to 2017
9001680230,Pollaphuca Reservoir,Landsat8,LC08_L1TP_206023_20140909_20170419_01_T1,10.62346431,09/09/2014,16/09/2014,7,02/09/2014,30/09/2014,EPA 2007 to 2017
9001680230,Pollaphuca Reservoir,Landsat8,LC08_L1TP_206023_20140909_20170419_01_T1,10.62346431,09/09/2014,17/09/2014,8,03/09/2014,01/10/2014,EPA 2007 to 2017
9001680230,Pollaphuca Reservoir,Landsat8,LC08_L1TP_206023_20141011_20170418_01_T1,12.31583218,11/10/2014,14/10/2014,3,30/09/2014,28/10/2014,EPA 2007 to 2017
9001680230,Pollaphuca Reservoir,Landsat8,LC08_L1TP_206023_20141011_20170418_01_T1,12.31583218,11/10/2014,15/10/2014,4,01/10/2014,29/10/2014,EPA 2007 to 2017
9001680230,Pollaphuca Reservoir,Landsat8,LC08_L1TP_206023_20141230_20170415_01_T1,1.833121667,30/12/2014,17/12/2014,13,03/12/2014,31/12/2014,EPA 2007 to 2017
9001680230,Pollaphuca Reservoir,Landsat8,LC08_L1TP_206023_20150115_20170414_01_T1,0.33139859,15/01/2015,21/01/2015,6,07/01/2015,04/02/2015,EPA 2007 to 2017
9001680230,Pollaphuca Reservoir,Landsat8,LC08_L1TP_206023_20150115_20170414_01_T1,0.33139859,15/01/2015,27/01/2015,12,13/01/2015,10/02/2015,EPA 2007 to 2017
9001680230,Pollaphuca Reservoir,Landsat8,LC08_L1TP_206023_20150421_20170409_01_T1,0.332077849,21/04/2015,14/04/2015,7,31/03/2015,28/04/2015,EPA 2007 to 2017
9001680230,Pollaphuca Reservoir,Landsat8,LC08_L1TP_206023_20150421_20170409_01_T1,0.332077849,21/04/2015,15/04/2015,6,01/04/2015,29/04/2015,EPA 2007 to 2017
9001680230,Pollaphuca Reservoir,Landsat8,LC08_L1TP_206023_20150507_20170409_01_T1,9.028671764,07/05/2015,20/05/2015,13,06/05/2015,03/06/2015,EPA 2007 to 2017
9001680230,Pollaphuca Reservoir,Landsat8,LC08_L1TP_206023_20150523_20170408_01_T1,0.120382712,23/05/2015,20/05/2015,3,06/05/2015,03/06/2015,EPA 2007 to 2017
9001680230,Pollaphuca Reservoir,Landsat8,LC08_L1TP_206023_20150523_20170408_01_T1,0.120382712,23/05/2015,26/05/2015,3,12/05/2015,09/06/2015,EPA 2007 to 2017
9001680230,Pollaphuca Reservoir,Landsat8,LC08_L1TP_206023_20150928_20170403_01_T1,1.780345613,28/09/2015,15/09/2015,13,01/09/2015,29/09/2015,EPA 2007 to 2017
9001680230,Pollaphuca Reservoir,Landsat8,LC08_L1TP_206023_20150928_20170403_01_T1,1.780345613,28/09/2015,23/09/2015,5,09/09/2015,07/10/2015,EPA 2007 to 2017
9001680230,Pollaphuca Reservoir,Landsat8,LC08_L1TP_206023_20151217_20170331_01_T1,0.028367181,17/12/2015,16/12/2015,1,02/12/2015,30/12/2015,EPA 2007 to 2017
9001680230,Pollaphuca Reservoir,Landsat8,LC08_L1TP_206023_20151217_20170331_01_T1,0.028367181,17/12/2015,08/12/2015,9,24/11/2015,22/12/2015,EPA 2007 to 2017
9001680230,Pollaphuca Reservoir,Landsat8,LC08_L1TP_206023_20160423_20170326_01_T1,12.54448585,23/04/2016,20/04/2016,3,06/04/2016,04/05/2016,EPA 2007 to 2017
9001680230,Pollaphuca Reservoir,Landsat8,LC08_L1TP_206023_20160914_20170321_01_T1,0.609366617,14/09/2016,13/09/2016,1,30/08/2016,27/09/2016,EPA 2007 to 2017
9001680230,Pollaphuca Reservoir,Landsat8,LC08_L1TP_206023_20160914_20170321_01_T1,0.609366617,14/09/2016,14/09/2016,0,31/08/2016,28/09/2016,EPA 2007 to 2017
9001680230,Pollaphuca Reservoir,Landsat8,LC08_L1TP_206023_20161101_20170318_01_T1,11.59837997,01/11/2016,01/11/2016,0,18/10/2016,15/11/2016,EPA 2007 to 2017
9001680230,Pollaphuca Reservoir,Landsat8,LC08_L1TP_206023_20161101_20170318_01_T1,11.59837997,01/11/2016,02/11/2016,1,19/10/2016,16/11/2016,EPA 2007 to 2017
9001680230,Pollaphuca Reservoir,Landsat8,LC08_L1TP_206023_20170325_20170329_01_T1,0.16634703,25/03/2017,13/03/2017,12,27/02/2017,27/03/2017,EPA 2007 to 2017
9001680230,Pollaphuca Reservoir,Landsat8,LC08_L1TP_206023_20170325_20170329_01_T1,0.16634703,25/03/2017,28/03/2017,3,14/03/2017,11/04/2017,EPA 2007 to 2017
9001680230,Pollaphuca Reservoir,Landsat8,LC08_L1TP_206023_20170325_20170329_01_T1,0.16634703,25/03/2017,29/03/2017,4,15/03/2017,12/04/2017,EPA 2007 to 2017
9001680230,Pollaphuca Reservoir,Landsat8,LC08_L1TP_206023_20171104_20171109_01_T1,6.637425241,04/11/2017,06/11/2017,2,23/10/2017,20/11/2017,EPA 2007 to 2017
9001680230,Pollaphuca Reservoir,Landsat8,LC08_L1TP_206023_20171104_20171109_01_T1,6.637425241,04/11/2017,08/11/2017,4,25/10/2017,22/11/2017,EPA 2007 to 2017
9001680230,Pollaphuca Reservoir,Landsat8,LC08_L1TP_207023_20130403_20170505_01_T1,2.204667158,03/04/2013,16/04/2013,13,02/04/2013,30/04/2013,EPA 2007 to 2017
9001680230,Pollaphuca Reservoir,Landsat8,LC08_L1TP_207023_20130403_20170505_01_T1,2.204667158,03/04/2013,17/04/2013,14,03/04/2013,01/05/2013,EPA 2007 to 2017
9001680230,Pollaphuca Reservoir,Landsat8,LC08_L1TP_207023_20130403_20170505_01_T1,2.204667158,03/04/2013,20/03/2013,14,06/03/2013,03/04/2013,EPA 2007 to 2017
9001680230,Pollaphuca Reservoir,Landsat8,LC08_L1TP_207023_20130403_20170505_01_T1,2.204667158,03/04/2013,21/03/2013,13,07/03/2013,04/04/2013,EPA 2007 to 2017
7001590600,Ramor ( Lough ),Landsat8,LC08_L1TP_206022_20130720_20170503_01_T1,0.25286341,20/07/2013,18/07/2013,2,04/07/2013,01/08/2013,EPA 2007 to 2017
7001590600,Ramor ( Lough ),Landsat8,LC08_L1TP_206022_20130906_20170502_01_T1,8.07768544,06/09/2013,12/09/2013,6,29/08/2013,26/09/2013,EPA 2007 to 2017
7001590600,Ramor ( Lough ),Landsat8,LC08_L1TP_206022_20150523_20170408_01_T1,24.30113091,23/05/2015,25/05/2015,2,11/05/2015,08/06/2015,EPA 2007 to 2017
7001590600,Ramor ( Lough ),Landsat8,LC08_L1TP_206022_20150928_20170403_01_T1,4.690926356,28/09/2015,01/10/2015,3,17/09/2015,15/10/2015,EPA 2007 to 2017
7001590600,Ramor ( Lough ),Landsat8,LC08_L1TP_206022_20151014_20170403_01_T1,1.078699374,14/10/2015,01/10/2015,13,17/09/2015,15/10/2015,EPA 2007 to 2017
7001590600,Ramor ( Lough ),Landsat8,LC08_L1TP_206022_20160423_20170326_01_T1,5.953853394,23/04/2016,25/04/2016,2,11/04/2016,09/05/2016,EPA 2007 to 2017
7001590600,Ramor ( Lough ),Landsat8,LC08_L1TP_206022_20160509_20170325_01_T1,15.73504312,09/05/2016,25/04/2016,14,11/04/2016,09/05/2016,EPA 2007 to 2017
7001590600,Ramor ( Lough ),Landsat8,LC08_L1TP_206022_20161101_20170318_01_T1,0.93118413,01/11/2016,19/10/2016,13,05/10/2016,02/11/2016,EPA 2007 to 2017
7001590600,Ramor ( Lough ),Landsat8,LC08_L1TP_206023_20130415_20170505_01_T1,11.39817892,15/04/2013,25/04/2013,10,11/04/2013,09/05/2013,EPA 2007 to 2017
7001590600,Ramor ( Lough ),Landsat8,LC08_L1TP_206023_20130720_20170503_01_T1,0.194457961,20/07/2013,18/07/2013,2,04/07/2013,01/08/2013,EPA 2007 to 2017
7001590600,Ramor ( Lough ),Landsat8,LC08_L1TP_206023_20130906_20170502_01_T1,7.802972701,06/09/2013,12/09/2013,6,29/08/2013,26/09/2013,EPA 2007 to 2017
7001590600,Ramor ( Lough ),Landsat8,LC08_L1TP_206023_20150523_20170408_01_T1,23.79153134,23/05/2015,25/05/2015,2,11/05/2015,08/06/2015,EPA 2007 to 2017
7001590600,Ramor ( Lough ),Landsat8,LC08_L1TP_206023_20150928_20170403_01_T1,4.303533149,28/09/2015,01/10/2015,3,17/09/2015,15/10/2015,EPA 2007 to 2017
7001590600,Ramor ( Lough ),Landsat8,LC08_L1TP_206023_20151014_20170403_01_T1,0.813550344,14/10/2015,01/10/2015,13,17/09/2015,15/10/2015,EPA 2007 to 2017
7001590600,Ramor ( Lough ),Landsat8,LC08_L1TP_206023_20160423_20170326_01_T1,5.788924347,23/04/2016,25/04/2016,2,11/04/2016,09/05/2016,EPA 2007 to 2017
7001590600,Ramor ( Lough ),Landsat8,LC08_L1TP_206023_20160509_20170325_01_T1,14.60352274,09/05/2016,25/04/2016,14,11/04/2016,09/05/2016,EPA 2007 to 2017
7001590600,Ramor ( Lough ),Landsat8,LC08_L1TP_206023_20161101_20170318_01_T1,0.593158179,01/11/2016,19/10/2016,13,05/10/2016,02/11/2016,EPA 2007 to 2017
7001590600,Ramor ( Lough ),Landsat8,LC08_L1TP_207022_20130711_20170503_01_T1,13.77909595,11/07/2013,18/07/2013,7,04/07/2013,01/08/2013,EPA 2007 to 2017
7001590600,Ramor ( Lough ),Landsat8,LC08_L1TP_207022_20131015_20170429_01_T1,10.72137084,15/10/2013,17/10/2013,2,03/10/2013,31/10/2013,EPA 2007 to 2017
7001590600,Ramor ( Lough ),Landsat8,LC08_L1TP_207022_20141103_20170418_01_T1,20.61433279,03/11/2014,23/10/2014,11,09/10/2014,06/11/2014,EPA 2007 to 2017
7001590600,Ramor ( Lough ),Landsat8,LC08_L1TP_207022_20151122_20170401_01_T1,1.447554794,22/11/2015,17/11/2015,5,03/11/2015,01/12/2015,EPA 2007 to 2017
7001590600,Ramor ( Lough ),Landsat8,LC08_L1TP_207022_20170503_20170515_01_T1,0.026693855,03/05/2017,26/04/2017,7,12/04/2017,10/05/2017,EPA 2007 to 2017
7001590600,Ramor ( Lough ),Landsat8,LC08_L1TP_207022_20170722_20170728_01_T1,19.56583648,22/07/2017,17/07/2017,5,03/07/2017,31/07/2017,EPA 2007 to 2017
7001590600,Ramor ( Lough ),Landsat8,LC08_L1TP_207023_20170503_20170515_01_T1,0.02286636,03/05/2017,26/04/2017,7,12/04/2017,10/05/2017,EPA 2007 to 2017
7001590600,Ramor ( Lough ),Landsat8,LC08_L1TP_207023_20170722_20170728_01_T1,19.36395247,22/07/2017,17/07/2017,5,03/07/2017,31/07/2017,EPA 2007 to 2017
26001570690,Sheelin ( Lough ),Landsat8,LC08_L1TP_206023_20130501_20180528_01_T1,18.29153519,01/05/2013,29/04/2013,2,15/04/2013,13/05/2013,EPA 2007 to 2017
26001570690,Sheelin ( Lough ),Landsat8,LC08_L1TP_206023_20130517_20170504_01_T1,20.28723285,17/05/2013,20/05/2013,3,06/05/2013,03/06/2013,EPA 2007 to 2017
26001570690,Sheelin ( Lough ),Landsat8,LC08_L1TP_206023_20130618_20170503_01_T1,20.8171777,18/06/2013,17/06/2013,1,03/06/2013,01/07/2013,EPA 2007 to 2017
26001570690,Sheelin ( Lough ),Landsat8,LC08_L1TP_206023_20130720_20170503_01_T1,0.098857934,20/07/2013,15/07/2013,5,01/07/2013,29/07/2013,EPA 2007 to 2017
26001570690,Sheelin ( Lough ),Landsat8,LC08_L1TP_206023_20130720_20170503_01_T1,0.098857934,20/07/2013,08/07/2013,12,24/06/2013,22/07/2013,EPA 2007 to 2017
26001570690,Sheelin ( Lough ),Landsat8,LC08_L1TP_206023_20130805_20170503_01_T1,0.506249215,05/08/2013,19/08/2013,14,05/08/2013,02/09/2013,EPA 2007 to 2017
26001570690,Sheelin ( Lough ),Landsat8,LC08_L1TP_206023_20131109_20170428_01_T1,7.438346033,09/11/2013,11/11/2013,2,28/10/2013,25/11/2013,EPA 2007 to 2017
26001570690,Sheelin ( Lough ),Landsat8,LC08_L1TP_206023_20131109_20170428_01_T1,7.438346033,09/11/2013,31/10/2013,9,17/10/2013,14/11/2013,EPA 2007 to 2017
26001570690,Sheelin ( Lough ),Landsat8,LC08_L1TP_206023_20140418_20170423_01_T1,0.004533958,18/04/2014,15/04/2014,3,01/04/2014,29/04/2014,EPA 2007 to 2017
26001570690,Sheelin ( Lough ),Landsat8,LC08_L1TP_206023_20140418_20170423_01_T1,0.004533958,18/04/2014,22/04/2014,4,08/04/2014,06/05/2014,EPA 2007 to 2017
26001570690,Sheelin ( Lough ),Landsat8,LC08_L1TP_206023_20140707_20170421_01_T1,20.39525574,07/07/2014,14/07/2014,7,30/06/2014,28/07/2014,EPA 2007 to 2017
26001570690,Sheelin ( Lough ),Landsat8,LC08_L1TP_206023_20140909_20170419_01_T1,0.005981425,09/09/2014,01/09/2014,8,18/08/2014,15/09/2014,EPA 2007 to 2017
26001570690,Sheelin ( Lough ),Landsat8,LC08_L1TP_206023_20140909_20170419_01_T1,0.005981425,09/09/2014,03/09/2014,6,20/08/2014,17/09/2014,EPA 2007 to 2017
26001570690,Sheelin ( Lough ),Landsat8,LC08_L1TP_206023_20150421_20170409_01_T1,0.071954067,21/04/2015,07/04/2015,14,24/03/2015,21/04/2015,EPA 2007 to 2017
26001570690,Sheelin ( Lough ),Landsat8,LC08_L1TP_206023_20150928_20170403_01_T1,23.87247218,28/09/2015,01/10/2015,3,17/09/2015,15/10/2015,EPA 2007 to 2017
26001570690,Sheelin ( Lough ),Landsat8,LC08_L1TP_206023_20150928_20170403_01_T1,23.87247218,28/09/2015,07/10/2015,9,23/09/2015,21/10/2015,EPA 2007 to 2017
26001570690,Sheelin ( Lough ),Landsat8,LC08_L1TP_206023_20151014_20170403_01_T1,0.492382663,14/10/2015,01/10/2015,13,17/09/2015,15/10/2015,EPA 2007 to 2017
26001570690,Sheelin ( Lough ),Landsat8,LC08_L1TP_206023_20151014_20170403_01_T1,0.492382663,14/10/2015,20/10/2015,6,06/10/2015,03/11/2015,EPA 2007 to 2017
26001570690,Sheelin ( Lough ),Landsat8,LC08_L1TP_206023_20151014_20170403_01_T1,0.492382663,14/10/2015,07/10/2015,7,23/09/2015,21/10/2015,EPA 2007 to 2017
26001570690,Sheelin ( Lough ),Landsat8,LC08_L1TP_206023_20160930_20170321_01_T1,7.023408204,30/09/2016,05/10/2016,5,21/09/2016,19/10/2016,EPA 2007 to 2017
26001570690,Sheelin ( Lough ),Landsat8,LC08_L1TP_206023_20161101_20170318_01_T1,0.287909615,01/11/2016,14/11/2016,13,31/10/2016,28/11/2016,EPA 2007 to 2017
26001570690,Sheelin ( Lough ),Landsat8,LC08_L1TP_206023_20161219_20170315_01_T1,0.561879556,19/12/2016,07/12/2016,12,23/11/2016,21/12/2016,EPA 2007 to 2017
26001570690,Sheelin ( Lough ),Landsat8,LC08_L1TP_206023_20170917_20170929_01_T1,7.205566963,17/09/2017,06/09/2017,11,23/08/2017,20/09/2017,EPA 2007 to 2017
26001570690,Sheelin ( Lough ),Landsat8,LC08_L1TP_207022_20130403_20170505_01_T1,3.944259198,03/04/2013,15/04/2013,12,01/04/2013,29/04/2013,EPA 2007 to 2017
26001570690,Sheelin ( Lough ),Landsat8,LC08_L1TP_207022_20130609_20170504_01_T1,0.007329127,09/06/2013,17/06/2013,8,03/06/2013,01/07/2013,EPA 2007 to 2017
26001570690,Sheelin ( Lough ),Landsat8,LC08_L1TP_207022_20130711_20170503_01_T1,2.484979637,11/07/2013,15/07/2013,4,01/07/2013,29/07/2013,EPA 2007 to 2017
26001570690,Sheelin ( Lough ),Landsat8,LC08_L1TP_207022_20130711_20170503_01_T1,2.484979637,11/07/2013,08/07/2013,3,24/06/2013,22/07/2013,EPA 2007 to 2017
26001570690,Sheelin ( Lough ),Landsat8,LC08_L1TP_207022_20131015_20170429_01_T1,12.96433976,15/10/2013,21/10/2013,6,07/10/2013,04/11/2013,EPA 2007 to 2017
26001570690,Sheelin ( Lough ),Landsat8,LC08_L1TP_207022_20131031_20170429_01_T1,5.483370173,31/10/2013,11/11/2013,11,28/10/2013,25/11/2013,EPA 2007 to 2017
26001570690,Sheelin ( Lough ),Landsat8,LC08_L1TP_207022_20131031_20170429_01_T1,5.483370173,31/10/2013,21/10/2013,10,07/10/2013,04/11/2013,EPA 2007 to 2017
26001570690,Sheelin ( Lough ),Landsat8,LC08_L1TP_207022_20131031_20170429_01_T1,5.483370173,31/10/2013,31/10/2013,0,17/10/2013,14/11/2013,EPA 2007 to 2017
26001570690,Sheelin ( Lough ),Landsat8,LC08_L1TP_207022_20141018_20170418_01_T1,17.54394948,18/10/2014,28/10/2014,10,14/10/2014,11/11/2014,EPA 2007 to 2017
26001570690,Sheelin ( Lough ),Landsat8,LC08_L1TP_207022_20141018_20170418_01_T1,17.54394948,18/10/2014,07/10/2014,11,23/09/2014,21/10/2014,EPA 2007 to 2017
26001570690,Sheelin ( Lough ),Landsat8,LC08_L1TP_207022_20150412_20170410_01_T1,9.793544877,12/04/2015,01/04/2015,11,18/03/2015,15/04/2015,EPA 2007 to 2017
26001570690,Sheelin ( Lough ),Landsat8,LC08_L1TP_207022_20150412_20170410_01_T1,9.793544877,12/04/2015,07/04/2015,5,24/03/2015,21/04/2015,EPA 2007 to 2017
26001570690,Sheelin ( Lough ),Landsat8,LC08_L1TP_207022_20150818_20170406_01_T1,1.480329189,18/08/2015,10/08/2015,8,27/07/2015,24/08/2015,EPA 2007 to 2017
26001570690,Sheelin ( Lough ),Landsat8,LC08_L1TP_207022_20160210_20170330_01_T1,0.14916845,10/02/2016,08/02/2016,2,25/01/2016,22/02/2016,EPA 2007 to 2017
26001570690,Sheelin ( Lough ),Landsat8,LC08_L1TP_207022_20160329_20170327_01_T1,2.90961567,29/03/2016,06/04/2016,8,23/03/2016,20/04/2016,EPA 2007 to 2017
26001570690,Sheelin ( Lough ),Landsat8,LC08_L1TP_207022_20160516_20170324_01_T1,0.519079611,16/05/2016,16/05/2016,0,02/05/2016,30/05/2016,EPA 2007 to 2017
26001570690,Sheelin ( Lough ),Landsat8,LC08_L1TP_207022_20160719_20170323_01_T1,1.421864395,19/07/2016,06/07/2016,13,22/06/2016,20/07/2016,EPA 2007 to 2017
26001570690,Sheelin ( Lough ),Landsat8,LC08_L1TP_207022_20160804_20170322_01_T1,7.74315132,04/08/2016,16/08/2016,12,02/08/2016,30/08/2016,EPA 2007 to 2017
26001570690,Sheelin ( Lough ),Landsat8,LC08_L1TP_207022_20161124_20180528_01_T1,0.730373432,24/11/2016,14/11/2016,10,31/10/2016,28/11/2016,EPA 2007 to 2017
26001570690,Sheelin ( Lough ),Landsat8,LC08_L1TP_207022_20161124_20180528_01_T1,0.730373432,24/11/2016,07/12/2016,13,23/11/2016,21/12/2016,EPA 2007 to 2017
26001570690,Sheelin ( Lough ),Landsat8,LC08_L1TP_207022_20170503_20170515_01_T1,1.488854134,03/05/2017,20/04/2017,13,06/04/2017,04/05/2017,EPA 2007 to 2017
26001570690,Sheelin ( Lough ),Landsat8,LC08_L1TP_207023_20130403_20170505_01_T1,3.819299599,03/04/2013,15/04/2013,12,01/04/2013,29/04/2013,EPA 2007 to 2017
26001570690,Sheelin ( Lough ),Landsat8,LC08_L1TP_207023_20130711_20170503_01_T1,2.419091785,11/07/2013,15/07/2013,4,01/07/2013,29/07/2013,EPA 2007 to 2017
26001570690,Sheelin ( Lough ),Landsat8,LC08_L1TP_207023_20130711_20170503_01_T1,2.419091785,11/07/2013,08/07/2013,3,24/06/2013,22/07/2013,EPA 2007 to 2017
26001570690,Sheelin ( Lough ),Landsat8,LC08_L1TP_207023_20131015_20170429_01_T1,12.2960882,15/10/2013,21/10/2013,6,07/10/2013,04/11/2013,EPA 2007 to 2017
26001570690,Sheelin ( Lough ),Landsat8,LC08_L1TP_207023_20131031_20170429_01_T1,4.450321134,31/10/2013,11/11/2013,11,28/10/2013,25/11/2013,EPA 2007 to 2017
26001570690,Sheelin ( Lough ),Landsat8,LC08_L1TP_207023_20131031_20170429_01_T1,4.450321134,31/10/2013,21/10/2013,10,07/10/2013,04/11/2013,EPA 2007 to 2017
26001570690,Sheelin ( Lough ),Landsat8,LC08_L1TP_207023_20131031_20170429_01_T1,4.450321134,31/10/2013,31/10/2013,0,17/10/2013,14/11/2013,EPA 2007 to 2017
26001570690,Sheelin ( Lough ),Landsat8,LC08_L1TP_207023_20141018_20170418_01_T1,16.64306529,18/10/2014,28/10/2014,10,14/10/2014,11/11/2014,EPA 2007 to 2017
26001570690,Sheelin ( Lough ),Landsat8,LC08_L1TP_207023_20141018_20170418_01_T1,16.64306529,18/10/2014,07/10/2014,11,23/09/2014,21/10/2014,EPA 2007 to 2017
26001570690,Sheelin ( Lough ),Landsat8,LC08_L1TP_207023_20150412_20170410_01_T1,8.860268576,12/04/2015,01/04/2015,11,18/03/2015,15/04/2015,EPA 2007 to 2017
26001570690,Sheelin ( Lough ),Landsat8,LC08_L1TP_207023_20150412_20170410_01_T1,8.860268576,12/04/2015,07/04/2015,5,24/03/2015,21/04/2015,EPA 2007 to 2017
26001570690,Sheelin ( Lough ),Landsat8,LC08_L1TP_207023_20150818_20170406_01_T1,1.452856292,18/08/2015,10/08/2015,8,27/07/2015,24/08/2015,EPA 2007 to 2017
26001570690,Sheelin ( Lough ),Landsat8,LC08_L1TP_207023_20160210_20170330_01_T1,0.085514711,10/02/2016,08/02/2016,2,25/01/2016,22/02/2016,EPA 2007 to 2017
26001570690,Sheelin ( Lough ),Landsat8,LC08_L1TP_207023_20160329_20170327_01_T1,2.726959642,29/03/2016,06/04/2016,8,23/03/2016,20/04/2016,EPA 2007 to 2017
26001570690,Sheelin ( Lough ),Landsat8,LC08_L1TP_207023_20160516_20170324_01_T1,0.491498781,16/05/2016,16/05/2016,0,02/05/2016,30/05/2016,EPA 2007 to 2017
26001570690,Sheelin ( Lough ),Landsat8,LC08_L1TP_207023_20160719_20170323_01_T1,1.39933035,19/07/2016,06/07/2016,13,22/06/2016,20/07/2016,EPA 2007 to 2017
26001570690,Sheelin ( Lough ),Landsat8,LC08_L1TP_207023_20161124_20180528_01_T1,0.537572106,24/11/2016,14/11/2016,10,31/10/2016,28/11/2016,EPA 2007 to 2017
26001570690,Sheelin ( Lough ),Landsat8,LC08_L1TP_207023_20161124_20180528_01_T1,0.537572106,24/11/2016,07/12/2016,13,23/11/2016,21/12/2016,EPA 2007 to 2017
26001570690,Sheelin ( Lough ),Landsat8,LC08_L1TP_207023_20170503_20170515_01_T1,1.428981351,03/05/2017,20/04/2017,13,06/04/2017,04/05/2017,EPA 2007 to 2017
